mc	mn	quarterbeats	quarterbeats_all_endings	duration_qb	mc_onset	mn_onset	event	timesig	staff	voice	duration	nominal_duration	scalar	chord_id	lyrics_1	staff_text	tempo	qpm	metronome_base	metronome_number	tempo_visible	thoroughbass_duration	thoroughbass_level_1	slur
2	1	4	4	0.0	0	0	Tempo	4/2	1	1	0						ùÖû=60	120.0	ùÖû	60.0	0.0			
2	1	4	4	1.0	0	0	Chord	4/2	14	1	1/4	1/4	1	0	Nin-									
2	1	5	5	0.5	1/4	1/4	Chord	4/2	14	1	1/8	1/8	1	1	-fe									
2	1	11/2	11/2	0.5	3/8	3/8	Chord	4/2	14	1	1/8	1/8	1	2	ch'i									
2	1	6	6	1.5	1/2	1/2	Chord	4/2	14	1	3/8	1/4	3/2	3	bei									
2	1	15/2	15/2	0.5	7/8	7/8	Chord	4/2	14	1	1/8	1/8	1	4	crin									
2	1	8	8	2.0	1	1	Chord	4/2	14	1	1/2	1/2	1	5	d'o-									
2	1	10	10	0.5	3/2	3/2	Chord	4/2	14	1	1/8	1/8	1	6	-ro									
2	1	21/2	21/2	0.5	13/8	13/8	Chord	4/2	14	1	1/8	1/8	1	7	sco-									
2	1	11	11	0.5	7/4	7/4	Chord	4/2	14	1	1/8	1/8	1	8	-glie-									
2	1	23/2	23/2	0.5	15/8	15/8	Chord	4/2	14	1	1/8	1/8	1	9	-te									
2	1	4	4	4.0	0	0	Chord	4/2	21	1	1	1	1	10										
2	1	8	8	4.0	1	1	Chord	4/2	21	1	1	1	1	11										
3	2	12	12	1.5	0	0	Chord	4/2	14	1	3/8	1/4	3/2	12	lie-									
3	2	27/2	27/2	0.5	3/8	3/8	Chord	4/2	14	1	1/8	1/8	1	13	-teal-									
3	2	14	14	0.5	1/2	1/2	Chord	4/2	14	1	1/8	1/8	1	14	-lo									
3	2	29/2	29/2	0.5	5/8	5/8	Chord	4/2	14	1	1/8	1/8	1	15	scher-									
3	2	15	15	0.5	3/4	3/4	Chord	4/2	14	1	1/8	1/8	1	16	-zar									
3	2	31/2	31/2	0.5	7/8	7/8	Chord	4/2	14	1	1/8	1/8	1	17	de',									
3	2	16	16	2.0	1	1	Chord	4/2	14	1	1/2	1/2	1	18	ven-									
3	2	18	18	1.0	3/2	3/2	Chord	4/2	14	1	1/4	1/4	1	19	-ti									
3	2	19	19	1.0	7/4	7/4	Chord	4/2	14	1	1/4	1/4	1	20	E									
3	2	12	12	3.0	0	0	Chord	4/2	21	1	3/4	1/2	3/2	21										
3	2	15	15	0.0	3/4	3/4	FiguredBass	4/2	21	1	0											1/4	#6	
3	2	15	15	1.0	3/4	3/4	Chord	4/2	21	1	1/4	1/4	1	22										
3	2	16	16	0.0	1	1	FiguredBass	4/2	21	1	0											1	#	
3	2	16	16	4.0	1	1	Chord	4/2	21	1	1	1	1	23										
4	3	20	20	2.0	0	0	Chord	4/2	14	1	1/2	1/2	1	24	voi									
4	3	22	22	1.0	1/2	1/2	Chord	4/2	14	1	1/4	1/4	1	25	ch'al-									
4	3	23	23	0.5	3/4	3/4	Chord	4/2	14	1	1/8	1/8	1	26	-mo									
4	3	47/2	47/2	0.5	7/8	7/8	Chord	4/2	14	1	1/8	1/8	1	27	te-									
4	3	24	24	1.0	1	1	Chord	4/2	14	1	1/4	1/4	1	28	-so-									
4	3	25	25	1.0	5/4	5/4	Chord	4/2	14	1	1/4	1/4	1	29	-ro									
4	3	26	26	1.0	3/2	3/2	Chord	4/2	14	1	1/4	1/4	1	30	Den-									
4	3	27	27	0.5	7/4	7/4	Chord	4/2	14	1	1/8	1/8	1	31	-tro									
4	3	55/2	55/2	0.5	15/8	15/8	Chord	4/2	14	1	1/8	1/8	1	32	chiu-									
4	3	20	20	4.0	0	0	Chord	4/2	21	1	1	1	1	33										
4	3	24	24	4.0	1	1	Chord	4/2	21	1	1	1	1	34										
5	4	28	28	2.0	0	0	Chord	4/2	14	1	1/2	1/2	1	35	-de-									
5	4	30	30	0.5	1/2	1/2	Chord	4/2	14	1	1/8	1/8	1	36										
5	4	61/2	61/2	0.5	5/8	5/8	Chord	4/2	14	1	1/8	1/8	1	37	-tea'									
5	4	31	31	0.5	3/4	3/4	Chord	4/2	14	1	1/8	1/8	1	38	bei									
5	4	63/2	63/2	0.5	7/8	7/8	Chord	4/2	14	1	1/8	1/8	1	39	ru-									
5	4	32	32	1.0	1	1	Chord	4/2	14	1	1/4	1/4	1	40	-bi-									
5	4	33	33	1.0	5/4	5/4	Chord	4/2	14	1	1/4	1/4	1	41	-niar-									
5	4	34	34	1.5	3/2	3/2	Chord	4/2	14	1	3/8	1/4	3/2	42	-den-									0
5	4	71/2	71/2	0.5	15/8	15/8	Chord	4/2	14	1	1/8	1/8	1	43										
5	4	28	28	4.0	0	0	Chord	4/2	21	1	1	1	1	44										
5	4	32	32	0.0	1	1	FiguredBass	4/2	21	1	0											1	#	
5	4	32	32	4.0	1	1	Chord	4/2	21	1	1	1	1	45										
6	5	36	36	2.0	0	0	Chord	4/2	14	1	1/2	1/2	1	46	-ti.									
6	5	39	39	1.0	3/4	3/4	Chord	4/2	14	1	1/4	1/4	1	47	E									
6	5	40	40	2.0	1	1	Chord	4/2	14	1	1/2	1/2	1	48	voi									
6	5	85/2	85/2	0.5	13/8	13/8	Chord	4/2	14	1	1/8	1/8	1	49	ch'all'									
6	5	43	43	0.5	7/4	7/4	Chord	4/2	14	1	1/8	1/8	1	50	al-									
6	5	87/2	87/2	0.5	15/8	15/8	Chord	4/2	14	1	1/8	1/8	1	51	-bain									
6	5	36	36	0.0	0	0	FiguredBass	4/2	21	1	0											1	#	
6	5	36	36	4.0	0	0	Chord	4/2	21	1	1	1	1	52										
6	5	40	40	4.0	1	1	Chord	4/2	21	1	1	1	1	53										
7	6	44	44	1.5	0	0	Chord	4/2	14	1	3/8	1/4	3/2	54	ciel									
7	6	91/2	91/2	0.5	3/8	3/8	Chord	4/2	14	1	1/8	1/8	1	55	to-									
7	6	46	46	1.5	1/2	1/2	Chord	4/2	14	1	3/8	1/4	3/2	56	-glie-									
7	6	95/2	95/2	0.5	7/8	7/8	Chord	4/2	14	1	1/8	1/8	1	57	-tei									
7	6	48	48	2.0	1	1	Chord	4/2	14	1	1/2	1/2	1	58	van-									
7	6	50	50	2.0	3/2	3/2	Chord	4/2	14	1	1/2	1/2	1	59	-ti,									
7	6	44	44	4.0	0	0	Chord	4/2	21	1	1	1	1	60										
7	6	48	48	4.0	1	1	Chord	4/2	21	1	1	1	1	61										
8	7	52	52	1.0	0	0	Chord	4/2	14	1	1/4	1/4	1	62	Tut-									
8	7	53	53	0.5	1/4	1/4	Chord	4/2	14	1	1/8	1/8	1	63	-ti									
8	7	107/2	107/2	0.5	3/8	3/8	Chord	4/2	14	1	1/8	1/8	1	64	ve-									
8	7	54	54	0.5	1/2	1/2	Chord	4/2	14	1	1/8	1/8	1	65	-ni-									
8	7	109/2	109/2	0.5	5/8	5/8	Chord	4/2	14	1	1/8	1/8	1	66	-teo									
8	7	55	55	0.5	3/4	3/4	Chord	4/2	14	1	1/8	1/8	1	67	Pas-									
8	7	111/2	111/2	0.5	7/8	7/8	Chord	4/2	14	1	1/8	1/8	1	68	-to-									
8	7	56	56	1.0	1	1	Chord	4/2	14	1	1/4	1/4	1	69	-re-									
8	7	57	57	1.0	5/4	5/4	Chord	4/2	14	1	1/4	1/4	1	70	-llea-									
8	7	58	58	2.0	3/2	3/2	Chord	4/2	14	1	1/2	1/2	1	71	-man-									
8	7	52	52	4.0	0	0	Chord	4/2	21	1	1	1	1	72										
8	7	56	56	0.0	1	1	FiguredBass	4/2	21	1	0											1	#	
8	7	56	56	4.0	1	1	Chord	4/2	21	1	1	1	1	73										
9	8	60	60	4.0	0	0	Chord	4/2	14	1	1	1	1	74	-ti.									
9	8	65	65	0.5	5/4	5/4	Chord	4/2	14	1	1/8	1/8	1	75	E									
9	8	131/2	131/2	0.5	11/8	11/8	Chord	4/2	14	1	1/8	1/8	1	76	per									
9	8	66	66	1.0	3/2	3/2	Chord	4/2	14	1	1/4	1/4	1	77	que-									
9	8	67	67	0.5	7/4	7/4	Chord	4/2	14	1	1/8	1/8	1	78	-ste									
9	8	135/2	135/2	0.5	15/8	15/8	Chord	4/2	14	1	1/8	1/8	1	79	fio-									
9	8	60	60	4.0	0	0	Chord	4/2	21	1	1	1	1	80										
9	8	64	64	4.0	1	1	Chord	4/2	21	1	1	1	1	81										
10	9	68	68	2.0	0	0	Chord	4/2	14	1	1/2	1/2	1	82	-ri-									
10	9	70	70	1.0	1/2	1/2	Chord	4/2	14	1	1/4	1/4	1	83	-teal-									
10	9	71	71	0.5	3/4	3/4	Chord	4/2	14	1	1/8	1/8	1	84	-me									
10	9	143/2	143/2	0.5	7/8	7/8	Chord	4/2	14	1	1/8	1/8	1	85	con-									
10	9	72	72	2.0	1	1	Chord	4/2	14	1	1/2	1/2	1	86	-tra-									
10	9	74	74	1.0	3/2	3/2	Chord	4/2	14	1	1/4	1/4	1	87	-de									
10	9	75	75	1.0	7/4	7/4	Chord	4/2	14	1	1/4	1/4	1	88	Ri-									
10	9	68	68	2.0	0	0	Chord	4/2	21	1	1/2	1/2	1	89										
10	9	70	70	0.0	1/2	1/2	FiguredBass	4/2	21	1	0											1/2	#	
10	9	70	70	2.0	1/2	1/2	Chord	4/2	21	1	1/2	1/2	1	90										
10	9	72	72	4.0	1	1	Chord	4/2	21	1	1	1	1	91										
11	10	76	76	0.5	0	0	Chord	4/2	14	1	1/8	1/8	1	92	-suo-									
11	10	153/2	153/2	0.5	1/8	1/8	Chord	4/2	14	1	1/8	1/8	1	93	-nin									
11	10	77	77	0.5	1/4	1/4	Chord	4/2	14	1	1/8	1/8	1	94	lie-									
11	10	155/2	155/2	0.5	3/8	3/8	Chord	4/2	14	1	1/8	1/8	1	95	-te									
11	10	78	78	1.0	1/2	1/2	Chord	4/2	14	1	1/4	1/4	1	96	vo-									
11	10	79	79	1.0	3/4	3/4	Chord	4/2	14	1	1/4	1/4	1	97	-cie									
11	10	80	80	1.5	1	1	Chord	4/2	14	1	3/8	1/4	3/2	98	lie-									
11	10	163/2	163/2	0.5	11/8	11/8	Chord	4/2	14	1	1/8	1/8	1	99	-ti									
11	10	82	82	2.0	3/2	3/2	Chord	4/2	14	1	1/2	1/2	1	100	can-									
11	10	76	76	2.0	0	0	Chord	4/2	21	1	1/2	1/2	1	101										
11	10	78	78	0.0	1/2	1/2	FiguredBass	4/2	21	1	0											1/4	#	
11	10	78	78	1.0	1/2	1/2	Chord	4/2	21	1	1/4	1/4	1	102										
11	10	79	79	1.0	3/4	3/4	Chord	4/2	21	1	1/4	1/4	1	103										
11	10	80	80	1.0	1	1	Chord	4/2	21	1	1/4	1/4	1	104										
11	10	81	81	1.0	5/4	5/4	Chord	4/2	21	1	1/4	1/4	1	105										
11	10	82	82	0.0	3/2	3/2	FiguredBass	4/2	21	1	0											1/2	#	
11	10	82	82	2.0	3/2	3/2	Chord	4/2	21	1	1/2	1/2	1	106										
12	11	84	84	4.0	0	0	Chord	4/2	14	1	1	1	1	107	-ti									
12	11	88	88	1.0	1	1	Chord	4/2	14	1	1/4	1/4	1	108	Og-									
12	11	89	89	1.0	5/4	5/4	Chord	4/2	14	1	1/4	1/4	1	109	-gia									
12	11	90	90	1.0	3/2	3/2	Chord	4/2	14	1	1/4	1/4	1	110	som-									
12	11	91	91	0.5	7/4	7/4	Chord	4/2	14	1	1/8	1/8	1	111	-ma									
12	11	183/2	183/2	0.5	15/8	15/8	Chord	4/2	14	1	1/8	1/8	1	112	bel-									
12	11	84	84	0.0	0	0	FiguredBass	4/2	21	1	0											1	#	
12	11	84	84	4.0	0	0	Chord	4/2	21	1	1	1	1	113										
12	11	88	88	0.0	1	1	FiguredBass	4/2	21	1	0											1	#	
12	11	88	88	4.0	1	1	Chord	4/2	21	1	1	1	1	114										
13	12	92	92	2.0	0	0	Chord	4/2	14	1	1/2	1/2	1	115	-ta-									
13	12	94	94	2.0	1/2	1/2	Chord	4/2	14	1	1/2	1/2	1	116	-de,									
13	12	96	96	1.0	1	1	Chord	4/2	14	1	1/4	1/4	1	117	Giun-									
13	12	97	97	1.0	5/4	5/4	Chord	4/2	14	1	1/4	1/4	1	118	-ge									
13	12	98	98	1.0	3/2	3/2	Chord	4/2	14	1	1/4	1/4	1	119	som-									
13	12	99	99	0.5	7/4	7/4	Chord	4/2	14	1	1/8	1/8	1	120	-mo									
13	12	199/2	199/2	0.5	15/8	15/8	Chord	4/2	14	1	1/8	1/8	1	121	va-									
13	12	92	92	4.0	0	0	Chord	4/2	21	1	1	1	1	122										
13	12	96	96	4.0	1	1	Chord	4/2	21	1	1	1	1	123										
14	13	100	100	2.0	0	0	Chord	4/2	14	1	1/2	1/2	1	124	-lor									
14	13	102	102	1.0	1/2	1/2	Chord	4/2	14	1	1/4	1/4	1	125	san-									
14	13	103	103	0.5	3/4	3/4	Chord	4/2	14	1	1/8	1/8	1	126	-toI-									
14	13	207/2	207/2	0.5	7/8	7/8	Chord	4/2	14	1	1/8	1/8	1	127	-me-									
14	13	104	104	4.0	1	1	Chord	4/2	14	1	1	1	1	128	-ne-									
14	13	100	100	2.0	0	0	Chord	4/2	21	1	1/2	1/2	1	129										
14	13	102	102	0.0	1/2	1/2	FiguredBass	4/2	21	1	0											1/2	6	
14	13	102	102	2.0	1/2	1/2	Chord	4/2	21	1	1/2	1/2	1	130										
14	13	104	104	0.0	1	1	FiguredBass	4/2	21	1	0											1/2	4	
14	13	104	104	4.0	1	1	Chord	4/2	21	1	1	1	1	131										
14	13	106	106	0.0	3/2	3/2	FiguredBass	4/2	21	1	0											1/2	3	
15	14	108	108	4.0	0	0	Chord	4/2	14	1	1	1	1	132	-o.									
15	14	225/2	225/2	0.5	9/8	9/8	Chord	4/2	14	1	1/8	1/8	1	133	Avv-									
15	14	113	113	0.5	5/4	5/4	Chord	4/2	14	1	1/8	1/8	1	134	-en-									
15	14	227/2	227/2	0.5	11/8	11/8	Chord	4/2	14	1	1/8	1/8	1	135	-tu									
15	14	114	114	1.5	3/2	3/2	Chord	4/2	14	1	3/8	1/4	3/2	136	roso									
15	14	231/2	231/2	0.5	15/8	15/8	Chord	4/2	14	1	1/8	1/8	1	137	Or-									
15	14	108	108	4.0	0	0	Chord	4/2	21	1	1	1	1	138										
15	14	112	112	4.0	1	1	Chord	4/2	21	1	1	1	1	139										
16	15	116	116	2.0	0	0	Chord	4/2	14	1	1/2	1/2	1	140	-fe-									
16	15	118	118	2.0	1/2	1/2	Chord	4/2	14	1	1/2	1/2	1	141	-o									
16	15	121	121	0.5	5/4	5/4	Chord	4/2	14	1	1/8	1/8	1	142	for-									
16	15	243/2	243/2	0.5	11/8	11/8	Chord	4/2	14	1	1/8	1/8	1	143	-tu-									
16	15	122	122	1.0	3/2	3/2	Chord	4/2	14	1	1/4	1/4	1	144	-na-									
16	15	123	123	0.5	7/4	7/4	Chord	4/2	14	1	1/8	1/8	1	145	-ta									
16	15	247/2	247/2	0.5	15/8	15/8	Chord	4/2	14	1	1/8	1/8	1	146	Eu-									
16	15	116	116	0.0	0	0	FiguredBass	4/2	21	1	0											1	#	
16	15	116	116	4.0	0	0	Chord	4/2	21	1	1	1	1	147										
16	15	120	120	2.0	1	1	Chord	4/2	21	1	1/2	1/2	1	148										
16	15	122	122	2.0	3/2	3/2	Chord	4/2	21	1	1/2	1/2	1	149										
17	16	124	124	2.0	0	0	Chord	4/2	14	1	1/2	1/2	1	150	-ri-									
17	16	126	126	2.0	1/2	1/2	Chord	4/2	14	1	1/2	1/2	1	151	-dice									
17	16	128	128	1.0	1	1	Chord	4/2	14	1	1/4	1/4	1	152	Pur									
17	16	129	129	0.5	5/4	5/4	Chord	4/2	14	1	1/8	1/8	1	153	vi									
17	16	259/2	259/2	0.5	11/8	11/8	Chord	4/2	14	1	1/8	1/8	1	154	con-									
17	16	130	130	1.5	3/2	3/2	Chord	4/2	14	1	3/8	1/4	3/2	155	-giun-									
17	16	263/2	263/2	0.5	15/8	15/8	Chord	4/2	14	1	1/8	1/8	1	156	-seil									
17	16	124	124	0.0	0	0	FiguredBass	4/2	21	1	0											1	#	
17	16	124	124	4.0	0	0	Chord	4/2	21	1	1	1	1	157										
17	16	128	128	4.0	1	1	Chord	4/2	21	1	1	1	1	158										
18	17	132	132	2.0	0	0	Chord	4/2	14	1	1/2	1/2	1	159	ciel,									
18	17	134	134	1.0	1/2	1/2	Chord	4/2	14	1	1/4	1/4	1	160	o									
18	17	135	135	1.0	3/4	3/4	Chord	4/2	14	1	1/4	1/4	1	161										
18	17	136	136	1.0	1	1	Chord	4/2	14	1	1/4	1/4	1	162										
18	17	137	137	1.0	5/4	5/4	Chord	4/2	14	1	1/4	1/4	1	163	fe-									
18	17	138	138	2.0	3/2	3/2	Chord	4/2	14	1	1/2	1/2	1	164	-lice									
18	17	132	132	4.0	0	0	Chord	4/2	21	1	1	1	1	165										
18	17	136	136	0.0	1	1	FiguredBass	4/2	21	1	0											1	#	
18	17	136	136	4.0	1	1	Chord	4/2	21	1	1	1	1	166										
19	18	145	145	1.0	5/4	5/4	Chord	4/2	7	1	1/4	1/4	1	167	Ra-									
19	18	146	146	0.5	3/2	3/2	Chord	4/2	7	1	1/8	1/8	1	168	-ddop									
19	18	293/2	293/2	0.5	13/8	13/8	Chord	4/2	7	1	1/8	1/8	1	169										
19	18	147	147	1.0	7/4	7/4	Chord	4/2	7	1	1/4	1/4	1	170										
19	18	140	140	4.0	0	0	Chord	4/2	14	1	1	1	1	171										
19	18	140	140	4.0	0	0	Chord	4/2	21	1	1	1	1	172										
19	18	144	144	4.0	1	1	Chord	4/2	21	1	1	1	1	173										
20	19	148	148	1.0	0	0	Chord	4/2	7	1	1/4	1/4	1	174	pia,									
20	19	149	149	1.0	1/4	1/4	Chord	4/2	7	1	1/4	1/4	1	175	e									
20	19	150	150	1.5	1/2	1/2	Chord	4/2	7	1	3/8	1/4	3/2	176	fiamm'									
20	19	303/2	303/2	0.5	7/8	7/8	Chord	4/2	7	1	1/8	1/8	1	177	e									
20	19	152	152	2.0	1	1	Chord	4/2	7	1	1/2	1/2	1	178	lu-									
20	19	154	154	2.0	3/2	3/2	Chord	4/2	7	1	1/2	1/2	1	179	-mi									
20	19	148	148	2.0	0	0	Chord	4/2	21	1	1/2	1/2	1	180										
20	19	150	150	1.0	1/2	1/2	Chord	4/2	21	1	1/4	1/4	1	181										
20	19	151	151	1.0	3/4	3/4	Chord	4/2	21	1	1/4	1/4	1	182										
20	19	152	152	2.0	1	1	Chord	4/2	21	1	1/2	1/2	1	183										
20	19	154	154	2.0	3/2	3/2	Chord	4/2	21	1	1/2	1/2	1	184										
21	20	313/2	313/2	0.5	1/8	1/8	Chord	4/2	7	1	1/8	1/8	1	185	Al									
21	20	157	157	0.5	1/4	1/4	Chord	4/2	7	1	1/8	1/8	1	186	me-									
21	20	315/2	315/2	0.5	3/8	3/8	Chord	4/2	7	1	1/8	1/8	1	187	-mo-									
21	20	158	158	1.5	1/2	1/2	Chord	4/2	7	1	3/8	1/4	3/2	188	-ra-									
21	20	319/2	319/2	0.5	7/8	7/8	Chord	4/2	7	1	1/8	1/8	1	189	-bil									
21	20	160	160	1.5	1	1	Chord	4/2	7	1	3/8	1/4	3/2	190	gior-									
21	20	323/2	323/2	0.5	11/8	11/8	Chord	4/2	7	1	1/8	1/8	1	191	-no									
21	20	162	162	2.0	3/2	3/2	Chord	4/2	7	1	1/2	1/2	1	192	Fe-									
21	20	156	156	4.0	0	0	Chord	4/2	21	1	1	1	1	193										
21	20	160	160	4.0	1	1	Chord	4/2	21	1	1	1	1	194										
22	21	164	164	2.0	0	0	Chord	4/2	7	1	1/2	1/2	1	195	-bo									
22	21	333/2	333/2	0.5	5/8	5/8	Chord	4/2	7	1	1/8	1/8	1	196	ch'il									
22	21	167	167	0.5	3/4	3/4	Chord	4/2	7	1	1/8	1/8	1	197	ca-									
22	21	335/2	335/2	0.5	7/8	7/8	Chord	4/2	7	1	1/8	1/8	1	198	-rro									
22	21	168	168	3.0	1	1	Chord	4/2	7	1	3/4	1/2	3/2	199	d'or									
22	21	171	171	1.0	7/4	7/4	Chord	4/2	7	1	1/4	1/4	1	200	riuol									
22	21	164	164	4.0	0	0	Chord	4/2	21	1	1	1	1	201										
22	21	168	168	4.0	1	1	Chord	4/2	21	1	1	1	1	202										
23	22	172	172	0.25	0	0	Chord	4/2	7	1	1/16	1/16	1	203										
23	22	689/4	689/4	0.25	1/16	1/16	Chord	4/2	7	1	1/16	1/16	1	204										
23	22	345/2	345/2	0.25	1/8	1/8	Chord	4/2	7	1	1/16	1/16	1	205										
23	22	691/4	691/4	0.25	3/16	3/16	Chord	4/2	7	1	1/16	1/16	1	206										
23	22	173	173	0.5	1/4	1/4	Chord	4/2	7	1	1/8	1/8	1	207										
23	22	347/2	347/2	0.5	3/8	3/8	Chord	4/2	7	1	1/8	1/8	1	208										
23	22	174	174	0.25	1/2	1/2	Chord	4/2	7	1	1/16	1/16	1	209										
23	22	697/4	697/4	0.25	9/16	9/16	Chord	4/2	7	1	1/16	1/16	1	210										
23	22	349/2	349/2	0.25	5/8	5/8	Chord	4/2	7	1	1/16	1/16	1	211										
23	22	699/4	699/4	0.25	11/16	11/16	Chord	4/2	7	1	1/16	1/16	1	212										
23	22	175	175	0.5	3/4	3/4	Chord	4/2	7	1	1/8	1/8	1	213										
23	22	351/2	351/2	0.5	7/8	7/8	Chord	4/2	7	1	1/8	1/8	1	214										
23	22	176	176	1.0	1	1	Chord	4/2	7	1	1/4	1/4	1	215										
23	22	177	177	1.0	5/4	5/4	Chord	4/2	7	1	1/4	1/4	1	216	giin-									
23	22	178	178	2.0	3/2	3/2	Chord	4/2	7	1	1/2	1/2	1	217	-tor-									
23	22	172	172	2.0	0	0	Chord	4/2	21	1	1/2	1/2	1	218										
23	22	174	174	2.0	1/2	1/2	Chord	4/2	21	1	1/2	1/2	1	219										
23	22	176	176	4.0	1	1	Chord	4/2	21	1	1	1	1	220										
24	23	180	180	2.0	0	0	Chord	4/2	7	1	1/2	1/2	1	221	-no									
24	23	183	183	1.0	3/4	3/4	Chord	4/2	14	1	1/4	1/4	1	222	E									
24	23	184	184	2.0	1	1	Chord	4/2	14	1	1/2	1/2	1	223										
24	23	186	186	0.5	3/2	3/2	Chord	4/2	14	1	1/8	1/8	1	224										
24	23	373/2	373/2	0.5	13/8	13/8	Chord	4/2	14	1	1/8	1/8	1	225	ce-									
24	23	187	187	0.5	7/4	7/4	Chord	4/2	14	1	1/8	1/8	1	226	-les-									
24	23	375/2	375/2	0.5	15/8	15/8	Chord	4/2	14	1	1/8	1/8	1	227	-ti									
24	23	180	180	2.0	0	0	Chord	4/2	21	1	1/2	1/2	1	228										
24	23	182	182	2.0	1/2	1/2	Chord	4/2	21	1	1/2	1/2	1	229										
24	23	184	184	4.0	1	1	Chord	4/2	21	1	1	1	1	230										
25	24	188	188	2.0	0	0	Chord	4/2	14	1	1/2	1/2	1	231	Nu-									
25	24	190	190	0.5	1/2	1/2	Chord	4/2	14	1	1/8	1/8	1	232	-mi									
25	24	381/2	381/2	0.5	5/8	5/8	Chord	4/2	14	1	1/8	1/8	1	233	Perl'-									
25	24	191	191	0.5	3/4	3/4	Chord	4/2	14	1	1/8	1/8	1	234	-al-									
25	24	383/2	383/2	0.5	7/8	7/8	Chord	4/2	14	1	1/8	1/8	1	235	-to									
25	24	192	192	2.0	1	1	Chord	4/2	14	1	1/2	1/2	1	236	ciel									
25	24	389/2	389/2	0.5	13/8	13/8	Chord	4/2	14	1	1/8	1/8	1	237	co									
25	24	195	195	0.5	7/4	7/4	Chord	4/2	14	1	1/8	1/8	1	238	cer-									
25	24	391/2	391/2	0.5	15/8	15/8	Chord	4/2	14	1	1/8	1/8	1	239	-to									
25	24	188	188	4.0	0	0	Chord	4/2	21	1	1	1	1	240										
25	24	192	192	4.0	1	1	Chord	4/2	21	1	1	1	1	241										
26	25	196	196	3.0	0	0	Chord	4/2	14	1	3/4	1/2	3/2	242	mo-									
26	25	199	199	1.0	3/4	3/4	Chord	4/2	14	1	1/4	1/4	1	243	-to									
26	25	200	200	2.0	1	1	Chord	4/2	14	1	1/2	1/2	1	244	err-									
26	25	202	202	2.0	3/2	3/2	Chord	4/2	14	1	1/2	1/2	1	245	-anti									
26	25	196	196	4.0	0	0	Chord	4/2	21	1	1	1	1	246										
26	25	200	200	4.0	1	1	Chord	4/2	21	1	1	1	1	247										
27	26	205	205	0.5	1/4	1/4	Chord	4/2	14	1	1/8	1/8	1	248	Ri-									
27	26	411/2	411/2	0.5	3/8	3/8	Chord	4/2	14	1	1/8	1/8	1	249	-uol-									
27	26	206	206	1.0	1/2	1/2	Chord	4/2	14	1	1/4	1/4	1	250	-ge-									
27	26	207	207	0.5	3/4	3/4	Chord	4/2	14	1	1/8	1/8	1	251	-re									
27	26	415/2	415/2	0.5	7/8	7/8	Chord	4/2	14	1	1/8	1/8	1	252	se-									
27	26	208	208	1.0	1	1	Chord	4/2	14	1	1/4	1/4	1	253	-re-									
27	26	209	209	0.5	5/4	5/4	Chord	4/2	14	1	1/8	1/8	1	254	-ni									
27	26	419/2	419/2	0.5	11/8	11/8	Chord	4/2	14	1	1/8	1/8	1	255	Di									
27	26	210	210	0.5	3/2	3/2	Chord	4/2	14	1	1/8	1/8	1	256	pace,									
27	26	421/2	421/2	0.5	13/8	13/8	Chord	4/2	14	1	1/8	1/8	1	257	e									
27	26	211	211	0.5	7/4	7/4	Chord	4/2	14	1	1/8	1/8	1	258	d'a-									
27	26	423/2	423/2	0.5	15/8	15/8	Chord	4/2	14	1	1/8	1/8	1	259	-mor									
27	26	204	204	4.0	0	0	Chord	4/2	21	1	1	1	1	260										
27	26	208	208	4.0	1	1	Chord	4/2	21	1	1	1	1	261										
28	27	212	212	1.0	0	0	Chord	4/2	14	1	1/4	1/4	1	262	pie-									
28	27	213	213	1.0	1/4	1/4	Chord	4/2	14	1	1/4	1/4	1	263	-ni									
28	27	429/2	429/2	0.5	5/8	5/8	Chord	4/2	14	1	1/8	1/8	1	264	All-									
28	27	215	215	0.5	3/4	3/4	Chord	4/2	14	1	1/8	1/8	1	265	-e									
28	27	431/2	431/2	0.5	7/8	7/8	Chord	4/2	14	1	1/8	1/8	1	266	bell'-									
28	27	216	216	1.0	1	1	Chord	4/2	14	1	1/4	1/4	1	267	-alme									
28	27	217	217	1.0	5/4	5/4	Chord	4/2	14	1	1/4	1/4	1	268	i									
28	27	218	218	1.5	3/2	3/2	Chord	4/2	14	1	3/8	1/4	3/2	269	lu-									
28	27	439/2	439/2	0.5	15/8	15/8	Chord	4/2	14	1	1/8	1/8	1	270	-ci-									
28	27	212	212	4.0	0	0	Chord	4/2	21	1	1	1	1	271										
28	27	216	216	4.0	1	1	Chord	4/2	21	1	1	1	1	272										
29	28	226	226	0.5	3/2	3/2	Chord	4/2	8	1	1/8	1/8	1	273	Va									
29	28	453/2	453/2	0.5	13/8	13/8	Chord	4/2	8	1	1/8	1/8	1	274										
29	28	227	227	0.5	7/4	7/4	Chord	4/2	8	1	1/8	1/8	1	275										
29	28	455/2	455/2	0.5	15/8	15/8	Chord	4/2	8	1	1/8	1/8	1	276										
29	28	220	220	1.0	0	0	Chord	4/2	14	1	1/4	1/4	1	277	-di									
29	28	221	221	1.0	1/4	1/4	Chord	4/2	14	1	1/4	1/4	1	278	sem-									
29	28	222	222	2.0	1/2	1/2	Chord	4/2	14	1	1/2	1/2	1	279	-biant-									
29	28	224	224	2.0	1	1	Chord	4/2	14	1	1/2	1/2	1	280	-ti									
29	28	220	220	1.0	0	0	Chord	4/2	21	1	1/4	1/4	1	281										
29	28	221	221	1.0	1/4	1/4	Chord	4/2	21	1	1/4	1/4	1	282										
29	28	222	222	2.0	1/2	1/2	Chord	4/2	21	1	1/2	1/2	1	283										
29	28	224	224	2.0	1	1	Chord	4/2	21	1	1/2	1/2	1	284										
29	28	226	226	2.0	3/2	3/2	Chord	4/2	21	1	1/2	1/2	1	285										
30	29	228	228	1.0	0	0	Chord	4/2	8	1	1/4	1/4	1	286	ghe									
30	29	229	229	1.0	1/4	1/4	Chord	4/2	8	1	1/4	1/4	1	287	Nin-									
30	29	230	230	2.0	1/2	1/2	Chord	4/2	8	1	1/2	1/2	1	288	-fe									
30	29	232	232	1.0	1	1	Chord	4/2	8	1	1/4	1/4	1	289										
30	29	233	233	0.5	5/4	5/4	Chord	4/2	8	1	1/8	1/8	1	290	a-									
30	29	467/2	467/2	0.5	11/8	11/8	Chord	4/2	8	1	1/8	1/8	1	291	-mo-									
30	29	234	234	2.0	3/2	3/2	Chord	4/2	8	1	1/2	1/2	1	292	-ro-									
30	29	228	228	2.0	0	0	Chord	4/2	21	1	1/2	1/2	1	293										
30	29	230	230	2.0	1/2	1/2	Chord	4/2	21	1	1/2	1/2	1	294										
30	29	232	232	2.0	1	1	Chord	4/2	21	1	1/2	1/2	1	295										
30	29	234	234	0.0	3/2	3/2	FiguredBass	4/2	21	1	0											1/2	#	
30	29	234	234	2.0	3/2	3/2	Chord	4/2	21	1	1/2	1/2	1	296										
31	30	236	236	4.0	0	0	Chord	4/2	8	1	1	1	1	297	-se									
31	30	240	240	1.0	1	1	Chord	4/2	8	1	1/4	1/4	1	298	Ing-									
31	30	241	241	0.5	5/4	5/4	Chord	4/2	8	1	1/8	1/8	1	299	-hir-									
31	30	483/2	483/2	0.5	11/8	11/8	Chord	4/2	8	1	1/8	1/8	1	300	-land-									
31	30	242	242	1.0	3/2	3/2	Chord	4/2	8	1	1/4	1/4	1	301	-a-									
31	30	243	243	1.0	7/4	7/4	Chord	4/2	8	1	1/4	1/4	1	302	-teil									
31	30	236	236	0.0	0	0	FiguredBass	4/2	21	1	0											1	#	
31	30	236	236	4.0	0	0	Chord	4/2	21	1	1	1	1	303										
31	30	240	240	3.0	1	1	Chord	4/2	21	1	3/4	1/2	3/2	304										
31	30	243	243	0.0	7/4	7/4	FiguredBass	4/2	21	1	0											1/4	#	
31	30	243	243	1.0	7/4	7/4	Chord	4/2	21	1	1/4	1/4	1	305										
32	31	244	244	1.0	0	0	Chord	4/2	8	1	1/4	1/4	1	306	crin									
32	31	245	245	1.0	1/4	1/4	Chord	4/2	8	1	1/4	1/4	1	307	d'al-									
32	31	246	246	0.5	1/2	1/2	Chord	4/2	8	1	1/8	1/8	1	308										
32	31	493/2	493/2	0.5	5/8	5/8	Chord	4/2	8	1	1/8	1/8	1	309	-me									
32	31	247	247	1.0	3/4	3/4	Chord	4/2	8	1	1/4	1/4	1	310	vi-									
32	31	248	248	2.0	1	1	Chord	4/2	8	1	1/2	1/2	1	311	-ole									
32	31	250	250	2.0	3/2	3/2	Chord	4/2	8	1	1/2	1/2	1	312										
32	31	244	244	0.0	0	0	FiguredBass	4/2	21	1	0											1	#	
32	31	244	244	4.0	0	0	Chord	4/2	21	1	1	1	1	313										
32	31	248	248	0.0	1	1	FiguredBass	4/2	21	1	0											1	#	
32	31	248	248	4.0	1	1	Chord	4/2	21	1	1	1	1	314										
33	32	252	252	2.0	0	0	Chord	3/4	8	1	1/2	1/2	1	315	Di-									
33	32	254	254	1.0	1/2	1/2	Chord	3/4	8	1	1/4	1/4	1	316	-te									
33	32	252	252	0.0	0	0	FiguredBass	3/4	21	1	0											1/2	#	
33	32	252	252	2.0	0	0	Chord	3/4	21	1	1/2	1/2	1	317										
33	32	254	254	0.0	1/2	1/2	FiguredBass	3/4	21	1	0											1/4	#	
33	32	254	254	1.0	1/2	1/2	Chord	3/4	21	1	1/4	1/4	1	318										
34	33	255	255	2.0	0	0	Chord	3/4	8	1	1/2	1/2	1	319	liet,									
34	33	257	257	1.0	1/2	1/2	Chord	3/4	8	1	1/4	1/4	1	320	e									
34	33	255	255	2.0	0	0	Chord	3/4	21	1	1/2	1/2	1	321										
34	33	257	257	1.0	1/2	1/2	Chord	3/4	21	1	1/4	1/4	1	322										
35	34	258	258	1.0	0	0	Chord	3/4	8	1	1/4	1/4	1	323	fes-									
35	34	259	259	2.0	1/4	1/4	Chord	3/4	8	1	1/2	1/2	1	324	-to-									
35	34	258	258	0.0	0	0	FiguredBass	3/4	21	1	0											1/4	#	
35	34	258	258	1.0	0	0	Chord	3/4	21	1	1/4	1/4	1	325										
35	34	259	259	0.0	1/4	1/4	FiguredBass	3/4	21	1	0											1/2	#	
35	34	259	259	2.0	1/4	1/4	Chord	3/4	21	1	1/2	1/2	1	326										
36	35	261	261	2.0	0	0	Chord	6/4	8	1	1/2	1/2	1	327	-se									
36	35	264	264	1.0	3/4	3/4	Chord	6/4	8	1	1/4	1/4	1	328	non									
36	35	265	265	0.5	1	1	Chord	6/4	8	1	1/8	1/8	1	329	ve									
36	35	531/2	531/2	0.5	9/8	9/8	Chord	6/4	8	1	1/8	1/8	1	330										
36	35	266	266	0.5	5/4	5/4	Chord	6/4	8	1	1/8	1/8	1	331										
36	35	533/2	533/2	0.5	11/8	11/8	Chord	6/4	8	1	1/8	1/8	1	332										
36	35	261	261	0.0	0	0	FiguredBass	6/4	21	1	0											1/2	#	
36	35	261	261	2.0	0	0	Chord	6/4	21	1	1/2	1/2	1	333										
36	35	263	263	2.0	1/2	1/2	Chord	6/4	21	1	1/2	1/2	1	334										
36	35	265	265	2.0	1	1	Chord	6/4	21	1	1/2	1/2	1	335										
37	36	267	267	1.0	0	0	Chord	6/4	8	1	1/4	1/4	1	336	deun-									
37	36	268	268	1.0	1/4	1/4	Chord	6/4	8	1	1/4	1/4	1	337	-si-									
37	36	269	269	0.5	1/2	1/2	Chord	6/4	8	1	1/8	1/8	1	338										
37	36	539/2	539/2	0.5	5/8	5/8	Chord	6/4	8	1	1/8	1/8	1	339										
37	36	270	270	0.5	3/4	3/4	Chord	6/4	8	1	1/8	1/8	1	340										
37	36	541/2	541/2	0.5	7/8	7/8	Chord	6/4	8	1	1/8	1/8	1	341										
37	36	271	271	0.5	1	1	Chord	6/4	8	1	1/8	1/8	1	342	mil									
37	36	543/2	543/2	0.5	9/8	9/8	Chord	6/4	8	1	1/8	1/8	1	343										
37	36	272	272	0.5	5/4	5/4	Chord	6/4	8	1	1/8	1/8	1	344										
37	36	545/2	545/2	0.5	11/8	11/8	Chord	6/4	8	1	1/8	1/8	1	345										
37	36	267	267	1.0	0	0	Chord	6/4	21	1	1/4	1/4	1	346										
37	36	268	268	1.0	1/4	1/4	Chord	6/4	21	1	1/4	1/4	1	347										
37	36	269	269	2.0	1/2	1/2	Chord	6/4	21	1	1/2	1/2	1	348										
37	36	271	271	2.0	1	1	Chord	6/4	21	1	1/2	1/2	1	349										
38	37	273	273	3.0	0	0	Chord	6/4	8	1	3/4	1/2	3/2	350	par									
38	37	276	276	1.0	3/4	3/4	Chord	6/4	8	1	1/4	1/4	1	351	d'a-									
38	37	277	277	1.5	1	1	Chord	6/4	8	1	3/8	1/4	3/2	352	-man-									
38	37	557/2	557/2	0.5	11/8	11/8	Chord	6/4	8	1	1/8	1/8	1	353	-tiil									
38	37	273	273	2.0	0	0	Chord	6/4	21	1	1/2	1/2	1	354										
38	37	275	275	2.0	1/2	1/2	Chord	6/4	21	1	1/2	1/2	1	355										
38	37	277	277	1.0	1	1	Chord	6/4	21	1	1/4	1/4	1	356										
38	37	278	278	1.0	5/4	5/4	Chord	6/4	21	1	1/4	1/4	1	357										
39	38	279	279	2.0	0	0	Chord	6/4	8	1	1/2	1/2	1	358	So-									
39	38	281	281	2.0	1/2	1/2	Chord	6/4	8	1	1/2	1/2	1	359	-le									
39	38	283	283	2.0	1	1	Chord	6/4	14	1	1/2	1/2	1	360	Non									
39	38	279	279	0.0	0	0	FiguredBass	6/4	21	1	0											1/2	#	
39	38	279	279	2.0	0	0	Chord	6/4	21	1	1/2	1/2	1	361										
39	38	281	281	0.0	1/2	1/2	FiguredBass	6/4	21	1	0											1/2	#	
39	38	281	281	2.0	1/2	1/2	Chord	6/4	21	1	1/2	1/2	1	362										
40	39	285	285	1.5	0	0	Chord	6/4	14	1	3/8	1/4	3/2	363	vede									
40	39	573/2	573/2	0.5	3/8	3/8	Chord	6/4	14	1	1/8	1/8	1	364	un									
40	39	287	287	1.0	1/2	1/2	Chord	6/4	14	1	1/4	1/4	1	365	si-									
40	39	288	288	1.0	3/4	3/4	Chord	6/4	14	1	1/4	1/4	1	366	-mil									
40	39	289	289	2.0	1	1	Chord	6/4	14	1	1/2	1/2	1	367	par									
41	40	291	291	2.0	0	0	Chord	6/4	14	1	1/2	1/2	1	368	d'am-									
41	40	293	293	1.0	1/2	1/2	Chord	6/4	14	1	1/4	1/4	1	369	-an-									
41	40	294	294	1.0	3/4	3/4	Chord	6/4	14	1	1/4	1/4	1	370	-ti									
41	40	295	295	2.0	1	1	Chord	6/4	14	1	1/2	1/2	1	371	il									
42	41	297	297	2.0	0	0	Chord	6/4	2	1	1/2	1/2	1	372	Non									
42	41	299	299	0.5	1/2	1/2	Chord	6/4	2	1	1/8	1/8	1	373	ve									
42	41	599/2	599/2	0.5	5/8	5/8	Chord	6/4	2	1	1/8	1/8	1	374										
42	41	300	300	0.5	3/4	3/4	Chord	6/4	2	1	1/8	1/8	1	375										
42	41	601/2	601/2	0.5	7/8	7/8	Chord	6/4	2	1	1/8	1/8	1	376										
42	41	301	301	0.5	1	1	Chord	6/4	2	1	1/8	1/8	1	377										
42	41	603/2	603/2	0.5	9/8	9/8	Chord	6/4	2	1	1/8	1/8	1	378										
42	41	302	302	0.5	5/4	5/4	Chord	6/4	2	1	1/8	1/8	1	379										
42	41	605/2	605/2	0.5	11/8	11/8	Chord	6/4	2	1	1/8	1/8	1	380										
42	41	297	297	0.0	0	0	FiguredBass	6/4	21	1	0											1/2	#	
42	41	297	297	2.0	0	0	Chord	6/4	21	1	1/2	1/2	1	381										
42	41	299	299	0.0	1/2	1/2	FiguredBass	6/4	21	1	0											1	#	
42	41	299	299	4.0	1/2	1/2	Chord	6/4	21	1	1	1	1	382										
43	42	303	303	1.0	0	0	Chord	6/4	2	1	1/4	1/4	1	383	de									
43	42	304	304	1.0	1/4	1/4	Chord	6/4	2	1	1/4	1/4	1	384	un									
43	42	305	305	1.0	1/2	1/2	Chord	6/4	2	1	1/4	1/4	1	385	si-									
43	42	306	306	1.0	3/4	3/4	Chord	6/4	2	1	1/4	1/4	1	386	-mil									
43	42	307	307	2.0	1	1	Chord	6/4	2	1	1/2	1/2	1	387	par									
43	42	303	303	1.0	0	0	Chord	6/4	21	1	1/4	1/4	1	388										
43	42	304	304	1.0	1/4	1/4	Chord	6/4	21	1	1/4	1/4	1	389										
43	42	305	305	1.0	1/2	1/2	Chord	6/4	21	1	1/4	1/4	1	390										
43	42	306	306	0.0	3/4	3/4	FiguredBass	6/4	21	1	0											1/4	#	
43	42	306	306	1.0	3/4	3/4	Chord	6/4	21	1	1/4	1/4	1	391										
43	42	307	307	2.0	1	1	Chord	6/4	21	1	1/2	1/2	1	392										
44	43	309	309	1.0	0	0	Chord	6/4	2	1	1/4	1/4	1	393										
44	43	310	310	1.0	1/4	1/4	Chord	6/4	2	1	1/4	1/4	1	394	d'am-									
44	43	311	311	2.0	1/2	1/2	Chord	6/4	2	1	1/2	1/2	1	395	-an-									
44	43	313	313	0.5	1	1	Chord	6/4	2	1	1/8	1/8	1	396	-tiil									
44	43	627/2	627/2	0.5	9/8	9/8	Chord	6/4	2	1	1/8	1/8	1	397										
44	43	314	314	0.5	5/4	5/4	Chord	6/4	2	1	1/8	1/8	1	398										
44	43	629/2	629/2	0.5	11/8	11/8	Chord	6/4	2	1	1/8	1/8	1	399										
44	43	309	309	2.0	0	0	Chord	6/4	21	1	1/2	1/2	1	400										
44	43	311	311	2.0	1/2	1/2	Chord	6/4	21	1	1/2	1/2	1	401										
44	43	313	313	2.0	1	1	Chord	6/4	21	1	1/2	1/2	1	402										
45	44	315	315	4.0	0	0	Chord	6/4	2	1	1	1	1	403	So									
45	44	319	319	2.0	1	1	Chord	6/4	2	1	1/2	1/2	1	404	le.									
45	44	315	315	0.0	0	0	FiguredBass	6/4	21	1	0											1	#	
45	44	315	315	4.0	0	0	Chord	6/4	21	1	1	1	1	405										
45	44	319	319	0.0	1	1	FiguredBass	6/4	21	1	0											1/2	#	
45	44	319	319	2.0	1	1	Chord	6/4	21	1	1/2	1/2	1	406										
46	44	321	321	0.0	0	0	StaffText	6/4	2	1	0					Replica a 5. tutto il coro.								
46	44	321	321	2.0	0	0	Chord	6/4	9	1	1/2	1/2	1	407	Non									
46	44	321	321	2.0	0	0	Chord	6/4	10	1	1/2	1/2	1	408										
46	44	321	321	2.0	0	0	Chord	6/4	11	1	1/2	1/2	1	409										
46	44	321	321	2.0	0	0	Chord	6/4	12	1	1/2	1/2	1	410										
46	44	321	321	2.0	0	0	Chord	6/4	13	1	1/2	1/2	1	411										
47	45	323	323	6.0	0	0	Chord	6/2	9	1	3/2	1	3/2	412	ve									
47	45	329	329	2.0	3/2	3/2	Chord	6/2	9	1	1/2	1/2	1	413	deun									
47	45	331	331	2.0	2	2	Chord	6/2	9	1	1/2	1/2	1	414	si-									
47	45	333	333	2.0	5/2	5/2	Chord	6/2	9	1	1/2	1/2	1	415	-mil									
47	45	323	323	1.0	0	0	Chord	6/2	10	1	1/4	1/4	1	416										
47	45	324	324	1.0	1/4	1/4	Chord	6/2	10	1	1/4	1/4	1	417										
47	45	325	325	1.0	1/2	1/2	Chord	6/2	10	1	1/4	1/4	1	418										
47	45	326	326	1.0	3/4	3/4	Chord	6/2	10	1	1/4	1/4	1	419										
47	45	327	327	2.0	1	1	Chord	6/2	10	1	1/2	1/2	1	420										
47	45	329	329	2.0	3/2	3/2	Chord	6/2	10	1	1/2	1/2	1	421										
47	45	331	331	2.0	2	2	Chord	6/2	10	1	1/2	1/2	1	422										
47	45	333	333	2.0	5/2	5/2	Chord	6/2	10	1	1/2	1/2	1	423										
47	45	323	323	1.0	0	0	Chord	6/2	11	1	1/4	1/4	1	424										
47	45	324	324	1.0	1/4	1/4	Chord	6/2	11	1	1/4	1/4	1	425										
47	45	325	325	1.0	1/2	1/2	Chord	6/2	11	1	1/4	1/4	1	426										
47	45	326	326	1.0	3/4	3/4	Chord	6/2	11	1	1/4	1/4	1	427										
47	45	327	327	2.0	1	1	Chord	6/2	11	1	1/2	1/2	1	428										
47	45	329	329	2.0	3/2	3/2	Chord	6/2	11	1	1/2	1/2	1	429										
47	45	331	331	2.0	2	2	Chord	6/2	11	1	1/2	1/2	1	430										
47	45	333	333	2.0	5/2	5/2	Chord	6/2	11	1	1/2	1/2	1	431										
47	45	323	323	6.0	0	0	Chord	6/2	12	1	3/2	1	3/2	432										
47	45	329	329	2.0	3/2	3/2	Chord	6/2	12	1	1/2	1/2	1	433										
47	45	331	331	2.0	2	2	Chord	6/2	12	1	1/2	1/2	1	434										
47	45	333	333	2.0	5/2	5/2	Chord	6/2	12	1	1/2	1/2	1	435										
47	45	323	323	6.0	0	0	Chord	6/2	13	1	3/2	1	3/2	436										
47	45	329	329	2.0	3/2	3/2	Chord	6/2	13	1	1/2	1/2	1	437										
47	45	331	331	2.0	2	2	Chord	6/2	13	1	1/2	1/2	1	438										
47	45	333	333	2.0	5/2	5/2	Chord	6/2	13	1	1/2	1/2	1	439										
48	46	335	335	2.0	0	0	Chord	4/2	9	1	1/2	1/2	1	440	par									
48	46	337	337	2.0	1/2	1/2	Chord	4/2	9	1	1/2	1/2	1	441	d'am-									
48	46	339	339	2.0	1	1	Chord	4/2	9	1	1/2	1/2	1	442	-a-									
48	46	341	341	2.0	3/2	3/2	Chord	4/2	9	1	1/2	1/2	1	443	-ti									
48	46	335	335	2.0	0	0	Chord	4/2	10	1	1/2	1/2	1	444										
48	46	338	338	1.0	3/4	3/4	Chord	4/2	10	1	1/4	1/4	1	445										
48	46	339	339	1.0	1	1	Chord	4/2	10	1	1/4	1/4	1	446										
48	46	340	340	2.0	5/4	5/4	Chord	4/2	10	1	1/2	1/2	1	447										
48	46	342	342	1.0	7/4	7/4	Chord	4/2	10	1	1/4	1/4	1	448										
48	46	335	335	2.0	0	0	Chord	4/2	11	1	1/2	1/2	1	449										
48	46	337	337	2.0	1/2	1/2	Chord	4/2	11	1	1/2	1/2	1	450										
48	46	339	339	2.0	1	1	Chord	4/2	11	1	1/2	1/2	1	451										
48	46	341	341	2.0	3/2	3/2	Chord	4/2	11	1	1/2	1/2	1	452										
48	46	335	335	2.0	0	0	Chord	4/2	12	1	1/2	1/2	1	453										
48	46	337	337	2.0	1/2	1/2	Chord	4/2	12	1	1/2	1/2	1	454										
48	46	339	339	2.0	1	1	Chord	4/2	12	1	1/2	1/2	1	455										
48	46	341	341	2.0	3/2	3/2	Chord	4/2	12	1	1/2	1/2	1	456										
48	46	335	335	2.0	0	0	Chord	4/2	13	1	1/2	1/2	1	457										
48	46	337	337	2.0	1/2	1/2	Chord	4/2	13	1	1/2	1/2	1	458										
48	46	339	339	2.0	1	1	Chord	4/2	13	1	1/2	1/2	1	459										
48	46	341	341	2.0	3/2	3/2	Chord	4/2	13	1	1/2	1/2	1	460										
49	47	343	343	4.0	0	0	Chord	4/2	9	1	1	1	1	461	So-									
49	47	347	347	4.0	1	1	Chord	4/2	9	1	1	1	1	462	-le.									
49	47	343	343	2.0	0	0	Chord	4/2	10	1	1/2	1/2	1	463										
49	47	345	345	2.0	1/2	1/2	Chord	4/2	10	1	1/2	1/2	1	464										
49	47	347	347	4.0	1	1	Chord	4/2	10	1	1	1	1	465										
49	47	343	343	4.0	0	0	Chord	4/2	11	1	1	1	1	466										
49	47	347	347	4.0	1	1	Chord	4/2	11	1	1	1	1	467										
49	47	343	343	4.0	0	0	Chord	4/2	12	1	1	1	1	468										
49	47	347	347	4.0	1	1	Chord	4/2	12	1	1	1	1	469										
49	47	343	343	4.0	0	0	Chord	4/2	13	1	1	1	1	470										
49	47	347	347	4.0	1	1	Chord	4/2	13	1	1	1	1	471										
50	48	351	351	2.0	0	0	Chord	4/2	1	1	1/2	1/2	1	472	Do-									
50	48	353	353	2.0	1/2	1/2	Chord	4/2	1	1	1/2	1/2	1	473	-nne,									
50	48	356	356	1.0	5/4	5/4	Chord	4/2	1	1	1/4	1/4	1	474	ch'a									
50	48	357	357	1.5	3/2	3/2	Chord	4/2	1	1	3/8	1/4	3/2	475	miei									
50	48	717/2	717/2	0.5	15/8	15/8	Chord	4/2	1	1	1/8	1/8	1	476	di									
50	48	351	351	4.0	0	0	Chord	4/2	21	1	1	1	1	477										
50	48	355	355	4.0	1	1	Chord	4/2	21	1	1	1	1	478										
51	49	359	359	2.0	0	0	Chord	4/2	1	1	1/2	1/2	1	479	le-									
51	49	361	361	2.0	1/2	1/2	Chord	4/2	1	1	1/2	1/2	1	480	-tti									
51	49	727/2	727/2	0.5	9/8	9/8	Chord	4/2	1	1	1/8	1/8	1	481	Ra-									
51	49	364	364	0.5	5/4	5/4	Chord	4/2	1	1	1/8	1/8	1	482	-sse									
51	49	729/2	729/2	0.5	11/8	11/8	Chord	4/2	1	1	1/8	1/8	1	483	re									
51	49	365	365	1.0	3/2	3/2	Chord	4/2	1	1	1/4	1/4	1	484	na-									
51	49	366	366	1.0	7/4	7/4	Chord	4/2	1	1	1/4	1/4	1	485	-te									
51	49	359	359	4.0	0	0	Chord	4/2	21	1	1	1	1	486										
51	49	363	363	4.0	1	1	Chord	4/2	21	1	1	1	1	487										
52	50	367	367	1.5	0	0	Chord	4/2	1	1	3/8	1/4	3/2	488	si									
52	50	737/2	737/2	0.5	3/8	3/8	Chord	4/2	1	1	1/8	1/8	1	489	lo									
52	50	369	369	1.5	1/2	1/2	Chord	4/2	1	1	3/8	1/4	3/2	490	sguardo,									
52	50	741/2	741/2	0.5	7/8	7/8	Chord	4/2	1	1	1/8	1/8	1	491	el									
52	50	371	371	2.0	1	1	Chord	4/2	1	1	1/2	1/2	1	492	vol-									
52	50	373	373	1.0	3/2	3/2	Chord	4/2	1	1	1/4	1/4	1	493	-to									
52	50	374	374	1.0	7/4	7/4	Chord	4/2	1	1	1/4	1/4	1	494	che									
52	50	367	367	2.0	0	0	Chord	4/2	21	1	1/2	1/2	1	495										
52	50	369	369	0.0	1/2	1/2	FiguredBass	4/2	21	1	0											1/2	#6	
52	50	369	369	2.0	1/2	1/2	Chord	4/2	21	1	1/2	1/2	1	496										
52	50	371	371	0.0	1	1	FiguredBass	4/2	21	1	0											1	#	
52	50	371	371	4.0	1	1	Chord	4/2	21	1	1	1	1	497										
53	51	375	375	0.5	0	0	Chord	4/2	1	1	1/8	1/8	1	498	dentro									
53	51	751/2	751/2	0.5	1/8	1/8	Chord	4/2	1	1	1/8	1/8	1	499	a									
53	51	376	376	0.5	1/4	1/4	Chord	4/2	1	1	1/8	1/8	1	500	vos-									
53	51	753/2	753/2	0.5	3/8	3/8	Chord	4/2	1	1	1/8	1/8	1	501	-tri									
53	51	377	377	1.0	1/2	1/2	Chord	4/2	1	1	1/4	1/4	1	502	pe-									
53	51	378	378	1.0	3/4	3/4	Chord	4/2	1	1	1/4	1/4	1	503	-tti									
53	51	759/2	759/2	0.5	9/8	9/8	Chord	4/2	1	1	1/8	1/8	1	504	Tu-									
53	51	380	380	0.5	5/4	5/4	Chord	4/2	1	1	1/8	1/8	1	505	-tto									
53	51	761/2	761/2	0.5	11/8	11/8	Chord	4/2	1	1	1/8	1/8	1	506	ra-									
53	51	381	381	0.5	3/2	3/2	Chord	4/2	1	1	1/8	1/8	1	507	-ssem-									
53	51	763/2	763/2	0.5	13/8	13/8	Chord	4/2	1	1	1/8	1/8	1	508	-bra									
53	51	382	382	0.5	7/4	7/4	Chord	4/2	1	1	1/8	1/8	1	509	il									
53	51	765/2	765/2	0.5	15/8	15/8	Chord	4/2	1	1	1/8	1/8	1	510	mio-									
53	51	375	375	0.0	0	0	FiguredBass	4/2	21	1	0											1/2	#	
53	51	375	375	2.0	0	0	Chord	4/2	21	1	1/2	1/2	1	511										
53	51	377	377	2.0	1/2	1/2	Chord	4/2	21	1	1/2	1/2	1	512										
53	51	379	379	4.0	1	1	Chord	4/2	21	1	1	1	1	513										
54	52	383	383	1.5	0	0	Chord	4/2	1	1	3/8	1/4	3/2	514	-gioir									
54	52	769/2	769/2	0.5	3/8	3/8	Chord	4/2	1	1	1/8	1/8	1	515	ra-									
54	52	385	385	2.0	1/2	1/2	Chord	4/2	1	1	1/2	1/2	1	516	-cco-									
54	52	387	387	2.0	1	1	Chord	4/2	1	1	1/2	1/2	1	517	-lto									
54	52	390	390	1.0	7/4	7/4	Chord	4/2	1	1	1/4	1/4	1	518	Deh									
54	52	383	383	2.0	0	0	Chord	4/2	21	1	1/2	1/2	1	519										
54	52	385	385	0.0	1/2	1/2	FiguredBass	4/2	21	1	0											1/2	#	
54	52	385	385	2.0	1/2	1/2	Chord	4/2	21	1	1/2	1/2	1	520										
54	52	387	387	2.0	1	1	Chord	4/2	21	1	1/2	1/2	1	521										
54	52	389	389	2.0	3/2	3/2	Chord	4/2	21	1	1/2	1/2	1	522										
55	53	391	391	1.0	0	0	Chord	4/2	1	1	1/4	1/4	1	523										
55	53	392	392	0.5	1/4	1/4	Chord	4/2	1	1	1/8	1/8	1	524	co-									
55	53	785/2	785/2	0.5	3/8	3/8	Chord	4/2	1	1	1/8	1/8	1	525	-me									
55	53	393	393	1.5	1/2	1/2	Chord	4/2	1	1	3/8	1/4	3/2	526	lieta									
55	53	789/2	789/2	0.5	7/8	7/8	Chord	4/2	1	1	1/8	1/8	1	527	a									
55	53	395	395	1.5	1	1	Chord	4/2	1	1	3/8	1/4	3/2	528	scolto									
55	53	793/2	793/2	0.5	11/8	11/8	Chord	4/2	1	1	1/8	1/8	1	529	I									
55	53	397	397	1.0	3/2	3/2	Chord	4/2	1	1	1/4	1/4	1	530	dol-									
55	53	398	398	1.0	7/4	7/4	Chord	4/2	1	1	1/4	1/4	1	531	-ci									
55	53	391	391	2.0	0	0	Chord	4/2	21	1	1/2	1/2	1	532										
55	53	393	393	2.0	1/2	1/2	Chord	4/2	21	1	1/2	1/2	1	533										
55	53	395	395	4.0	1	1	Chord	4/2	21	1	1	1	1	534										
56	54	399	399	1.0	0	0	Chord	4/2	1	1	1/4	1/4	1	535	can-									
56	54	400	400	1.0	1/4	1/4	Chord	4/2	1	1	1/4	1/4	1	536	-ti,									
56	54	803/2	803/2	0.5	5/8	5/8	Chord	4/2	1	1	1/8	1/8	1	537	e									
56	54	402	402	0.5	3/4	3/4	Chord	4/2	1	1	1/8	1/8	1	538	gl'a-									
56	54	805/2	805/2	0.5	7/8	7/8	Chord	4/2	1	1	1/8	1/8	1	539	-mo									
56	54	403	403	3.0	1	1	Chord	4/2	1	1	3/4	1/2	3/2	540	ro-									
56	54	406	406	1.0	7/4	7/4	Chord	4/2	1	1	1/4	1/4	1	541	-si									
56	54	399	399	4.0	0	0	Chord	4/2	21	1	1	1	1	542										
56	54	403	403	0.0	1	1	FiguredBass	4/2	21	1	0											1	b	
56	54	403	403	4.0	1	1	Chord	4/2	21	1	1	1	1	543										
57	55	407	407	2.0	0	0	Chord	4/2	1	1	1/2	1/2	1	544	de-									
57	55	409	409	1.0	1/2	1/2	Chord	4/2	1	1	1/4	1/4	1	545	-tti									
57	55	410	410	1.0	3/4	3/4	Chord	4/2	1	1	1/4	1/4	1	546	d'a-									
57	55	411	411	2.0	1	1	Chord	4/2	1	1	1/2	1/2	1	547	-mor									
57	55	827/2	827/2	0.5	13/8	13/8	Chord	4/2	1	1	1/8	1/8	1	548	di									
57	55	414	414	0.5	7/4	7/4	Chord	4/2	1	1	1/8	1/8	1	549	cor-									
57	55	829/2	829/2	0.5	15/8	15/8	Chord	4/2	1	1	1/8	1/8	1	550	-te-									
57	55	407	407	0.0	0	0	FiguredBass	4/2	21	1	0											1	#	
57	55	407	407	4.0	0	0	Chord	4/2	21	1	1	1	1	551										
57	55	411	411	4.0	1	1	Chord	4/2	21	1	1	1	1	552										
58	56	415	415	2.0	0	0	Chord	4/2	1	1	1/2	1/2	1	553	-sia									
58	56	417	417	1.0	1/2	1/2	Chord	4/2	1	1	1/4	1/4	1	554	gra-									
58	56	418	418	1.0	3/4	3/4	Chord	4/2	1	1	1/4	1/4	1	555	-di-									
58	56	419	419	1.0	1	1	Chord	4/2	1	1	1/4	1/4	1	556										
58	56	420	420	1.0	5/4	5/4	Chord	4/2	1	1	1/4	1/4	1	557	ti-									
58	56	421	421	2.0	3/2	3/2	Chord	4/2	1	1	1/2	1/2	1	558	-affe-									
58	56	415	415	0.0	0	0	FiguredBass	4/2	21	1	0											1	#	
58	56	415	415	4.0	0	0	Chord	4/2	21	1	1	1	1	559										
58	56	419	419	0.0	1	1	FiguredBass	4/2	21	1	0											1/4	#	
58	56	419	419	4.0	1	1	Chord	4/2	21	1	1	1	1	560										
58	56	420	420	0.0	5/4	5/4	FiguredBass	4/2	21	1	0											1/4	11	
58	56	421	421	0.0	3/2	3/2	FiguredBass	4/2	21	1	0											1/4	11	
58	56	422	422	0.0	7/4	7/4	FiguredBass	4/2	21	1	0											1/4	#	
59	57	423	423	4.0	0	0	Chord	4/2	1	1	1	1	1	561	-tti									
59	57	427	427	1.0	1	1	Chord	4/2	7	1	1/4	1/4	1	562	Qual-									
59	57	428	428	0.5	5/4	5/4	Chord	4/2	7	1	1/8	1/8	1	563	-in									
59	57	857/2	857/2	0.5	11/8	11/8	Chord	4/2	7	1	1/8	1/8	1	564	si									
59	57	429	429	1.5	3/2	3/2	Chord	4/2	7	1	3/8	1/4	3/2	565	ro-									
59	57	861/2	861/2	0.5	15/8	15/8	Chord	4/2	7	1	1/8	1/8	1	566	-zzo									
59	57	423	423	0.0	0	0	FiguredBass	4/2	21	1	0											1	#	
59	57	423	423	4.0	0	0	Chord	4/2	21	1	1	1	1	567										
59	57	427	427	0.0	1	1	FiguredBass	4/2	21	1	0											1	#	
59	57	427	427	4.0	1	1	Chord	4/2	21	1	1	1	1	568										
60	58	431	431	2.0	0	0	Chord	4/2	7	1	1/2	1/2	1	569	co-									
60	58	433	433	1.0	1/2	1/2	Chord	4/2	7	1	1/4	1/4	1	570	-re									
60	58	434	434	1.0	3/4	3/4	Chord	4/2	7	1	1/4	1/4	1	571	al-									
60	58	435	435	2.0	1	1	Chord	4/2	7	1	1/2	1/2	1	572	-ber									
60	58	437	437	1.0	3/2	3/2	Chord	4/2	7	1	1/4	1/4	1	573	ghaal									
60	58	438	438	0.5	7/4	7/4	Chord	4/2	7	1	1/8	1/8	1	574	ma-									
60	58	877/2	877/2	0.5	15/8	15/8	Chord	4/2	7	1	1/8	1/8	1	575	-si									
60	58	431	431	0.0	0	0	FiguredBass	4/2	21	1	0											1	#	
60	58	431	431	4.0	0	0	Chord	4/2	21	1	1	1	1	576										
60	58	435	435	0.0	1	1	FiguredBass	4/2	21	1	0											1	#	
60	58	435	435	4.0	1	1	Chord	4/2	21	1	1	1	1	577										
61	59	439	439	1.0	0	0	Chord	4/2	7	1	1/4	1/4	1	578	fe-									
61	59	440	440	1.0	1/4	1/4	Chord	4/2	7	1	1/4	1/4	1	579	-ra									
61	59	442	442	1.0	3/4	3/4	Chord	4/2	7	1	1/4	1/4	1	580	al-									
61	59	443	443	1.0	1	1	Chord	4/2	7	1	1/4	1/4	1	581										
61	59	444	444	0.5	5/4	5/4	Chord	4/2	7	1	1/8	1/8	1	582	-ma									
61	59	889/2	889/2	0.5	11/8	11/8	Chord	4/2	7	1	1/8	1/8	1	583	si									
61	59	445	445	1.0	3/2	3/2	Chord	4/2	7	1	1/4	1/4	1	584	du-									
61	59	446	446	1.0	7/4	7/4	Chord	4/2	7	1	1/4	1/4	1	585	-ra,									
61	59	439	439	2.0	0	0	Chord	4/2	21	1	1/2	1/2	1	586										
61	59	441	441	2.0	1/2	1/2	Chord	4/2	21	1	1/2	1/2	1	587										
61	59	443	443	0.0	1	1	FiguredBass	4/2	21	1	0											1/2	b	
61	59	443	443	2.0	1	1	Chord	4/2	21	1	1/2	1/2	1	588										
61	59	445	445	0.0	3/2	3/2	FiguredBass	4/2	21	1	0											1/4	6	
61	59	445	445	2.0	3/2	3/2	Chord	4/2	21	1	1/2	1/2	1	589										
61	59	446	446	0.0	7/4	7/4	FiguredBass	4/2	21	1	0											1/4	5	
62	60	895/2	895/2	0.5	1/8	1/8	Chord	4/2	7	1	1/8	1/8	1	590	Che-									
62	60	448	448	0.5	1/4	1/4	Chord	4/2	7	1	1/8	1/8	1	591	-di									
62	60	897/2	897/2	0.5	3/8	3/8	Chord	4/2	7	1	1/8	1/8	1	592	si									
62	60	449	449	1.5	1/2	1/2	Chord	4/2	7	1	3/8	1/4	3/2	593	bell									
62	60	901/2	901/2	0.5	7/8	7/8	Chord	4/2	7	1	1/8	1/8	1	594	a-									
62	60	451	451	2.0	1	1	Chord	4/2	7	1	1/2	1/2	1	595	-mor									
62	60	453	453	2.0	3/2	3/2	Chord	4/2	7	1	1/2	1/2	1	596	l'al-									
62	60	447	447	4.0	0	0	Chord	4/2	21	1	1	1	1	597										
62	60	451	451	4.0	1	1	Chord	4/2	21	1	1	1	1	598										
63	61	456	456	0.5	1/4	1/4	Chord	4/2	7	1	1/8	1/8	1	599	-ta									
63	61	913/2	913/2	0.5	3/8	3/8	Chord	4/2	7	1	1/8	1/8	1	600	ven-									
63	61	457	457	1.0	1/2	1/2	Chord	4/2	7	1	1/4	1/4	1	601	-tu-									
63	61	458	458	1.0	3/4	3/4	Chord	4/2	7	1	1/4	1/4	1	602	-ra									
63	61	460	460	1.0	5/4	5/4	Chord	4/2	7	1	1/4	1/4	1	603	Non									
63	61	461	461	0.5	3/2	3/2	Chord	4/2	7	1	1/8	1/8	1	604	col-									
63	61	923/2	923/2	0.5	13/8	13/8	Chord	4/2	7	1	1/8	1/8	1	605	-mi									
63	61	462	462	0.5	7/4	7/4	Chord	4/2	7	1	1/8	1/8	1	606	di									
63	61	925/2	925/2	0.5	15/8	15/8	Chord	4/2	7	1	1/8	1/8	1	607	dile-									
63	61	455	455	0.0	0	0	FiguredBass	4/2	21	1	0											1/2	b	
63	61	455	455	2.0	0	0	Chord	4/2	21	1	1/2	1/2	1	608										
63	61	457	457	0.0	1/2	1/2	FiguredBass	4/2	21	1	0											1/2	#	
63	61	457	457	2.0	1/2	1/2	Chord	4/2	21	1	1/2	1/2	1	609										
63	61	459	459	0.0	1	1	FiguredBass	4/2	21	1	0											1	#	
63	61	459	459	4.0	1	1	Chord	4/2	21	1	1	1	1	610										
64	62	463	463	3.0	0	0	Chord	4/2	7	1	3/4	1/2	3/2	611	-tto,									
64	62	466	466	1.0	3/4	3/4	Chord	4/2	7	1	1/4	1/4	1	612	e									
64	62	467	467	1.0	1	1	Chord	4/2	7	1	1/4	1/4	1	613	di									
64	62	468	468	1.0	5/4	5/4	Chord	4/2	7	1	1/4	1/4	1	614	dol-									
64	62	469	469	2.0	3/2	3/2	Chord	4/2	7	1	1/2	1/2	1	615	-ce-									
64	62	463	463	2.0	0	0	Chord	4/2	21	1	1/2	1/2	1	616										
64	62	465	465	2.0	1/2	1/2	Chord	4/2	21	1	1/2	1/2	1	617										
64	62	467	467	0.0	1	1	FiguredBass	4/2	21	1	0											1	#	
64	62	467	467	4.0	1	1	Chord	4/2	21	1	1	1	1	618										
65	63	471	471	4.0	0	0	Chord	4/2	7	1	1	1	1	619	-zza									
65	63	475	475	1.0	1	1	Chord	4/2	14	1	1/4	1/4	1	620	Cre-									
65	63	476	476	1.0	5/4	5/4	Chord	4/2	14	1	1/4	1/4	1	621	-di									
65	63	477	477	1.0	3/2	3/2	Chord	4/2	14	1	1/4	1/4	1	622	Nin-									
65	63	478	478	0.5	7/4	7/4	Chord	4/2	14	1	1/8	1/8	1	623	-fa									
65	63	957/2	957/2	0.5	15/8	15/8	Chord	4/2	14	1	1/8	1/8	1	624	gen-									
65	63	471	471	0.0	0	0	FiguredBass	4/2	21	1	0											1	#	
65	63	471	471	4.0	0	0	Chord	4/2	21	1	1	1	1	625										
65	63	475	475	2.0	1	1	Chord	4/2	21	1	1/2	1/2	1	626										
65	63	477	477	2.0	3/2	3/2	Chord	4/2	21	1	1/2	1/2	1	627										
66	64	479	479	2.0	0	0	Chord	4/2	14	1	1/2	1/2	1	628	-ti-									
66	64	481	481	2.0	1/2	1/2	Chord	4/2	14	1	1/2	1/2	1	629	-le									
66	64	483	483	1.0	1	1	Chord	4/2	14	1	1/4	1/4	1	630	pre-									
66	64	484	484	1.0	5/4	5/4	Chord	4/2	14	1	1/4	1/4	1	631	-gio									
66	64	485	485	1.0	3/2	3/2	Chord	4/2	14	1	1/4	1/4	1	632	d'og-									
66	64	486	486	0.5	7/4	7/4	Chord	4/2	14	1	1/8	1/8	1	633	-gni-									
66	64	973/2	973/2	0.5	15/8	15/8	Chord	4/2	14	1	1/8	1/8	1	634	-be-									
66	64	479	479	4.0	0	0	Chord	4/2	21	1	1	1	1	635										
66	64	483	483	2.0	1	1	Chord	4/2	21	1	1/2	1/2	1	636										
66	64	485	485	2.0	3/2	3/2	Chord	4/2	21	1	1/2	1/2	1	637										
67	65	487	487	2.0	0	0	Chord	4/2	14	1	1/2	1/2	1	638	-le-									
67	65	489	489	1.0	1/2	1/2	Chord	4/2	14	1	1/4	1/4	1	639	-zza									
67	65	490	490	1.0	3/4	3/4	Chord	4/2	14	1	1/4	1/4	1	640	che									
67	65	491	491	1.0	1	1	Chord	4/2	14	1	1/4	1/4	1	641	non-									
67	65	492	492	1.0	5/4	5/4	Chord	4/2	14	1	1/4	1/4	1	642	-e									
67	65	493	493	1.0	3/2	3/2	Chord	4/2	14	1	1/4	1/4	1	643	fe-									
67	65	494	494	1.0	7/4	7/4	Chord	4/2	14	1	1/4	1/4	1	644	-rain									
67	65	487	487	0.0	0	0	FiguredBass	4/2	21	1	0											1/2	#	
67	65	487	487	2.0	0	0	Chord	4/2	21	1	1/2	1/2	1	645										
67	65	489	489	0.0	1/2	1/2	FiguredBass	4/2	21	1	0											1/2	#	
67	65	489	489	2.0	1/2	1/2	Chord	4/2	21	1	1/2	1/2	1	646										
67	65	491	491	0.0	1	1	FiguredBass	4/2	21	1	0											3/4	#	
67	65	491	491	3.0	1	1	Chord	4/2	21	1	3/4	1/2	3/2	647										
67	65	494	494	1.0	7/4	7/4	Chord	4/2	21	1	1/4	1/4	1	648										
68	66	495	495	2.0	0	0	Chord	4/2	14	1	1/2	1/2	1	649	bos-									
68	66	497	497	1.5	1/2	1/2	Chord	4/2	14	1	3/8	1/4	3/2	650	-co									
68	66	997/2	997/2	0.5	7/8	7/8	Chord	4/2	14	1	1/8	1/8	1	651	auge-									
68	66	499	499	1.0	1	1	Chord	4/2	14	1	1/4	1/4	1	652	-llo									
68	66	500	500	1.0	5/4	5/4	Chord	4/2	14	1	1/4	1/4	1	653	in									
68	66	501	501	2.0	3/2	3/2	Chord	4/2	14	1	1/2	1/2	1	654	fro									
68	66	495	495	2.0	0	0	Chord	4/2	21	1	1/2	1/2	1	655										
68	66	497	497	2.0	1/2	1/2	Chord	4/2	21	1	1/2	1/2	1	656										
68	66	499	499	1.0	1	1	Chord	4/2	21	1	1/4	1/4	1	657										
68	66	500	500	0.0	5/4	5/4	FiguredBass	4/2	21	1	0											1/4	6	
68	66	500	500	1.0	5/4	5/4	Chord	4/2	21	1	1/4	1/4	1	658										
68	66	501	501	2.0	3/2	3/2	Chord	4/2	21	1	1/2	1/2	1	659										
69	67	503	503	1.0	0	0	Chord	4/2	14	1	1/4	1/4	1	660	da,									
69	67	504	504	1.0	1/4	1/4	Chord	4/2	14	1	1/4	1/4	1	661	O									
69	67	505	505	1.5	1/2	1/2	Chord	4/2	14	1	3/8	1/4	3/2	662	mu-									
69	67	1013/2	1013/2	0.5	7/8	7/8	Chord	4/2	14	1	1/8	1/8	1	663	-to									
69	67	507	507	1.0	1	1	Chord	4/2	14	1	1/4	1/4	1	664	pesce									
69	67	508	508	1.0	5/4	5/4	Chord	4/2	14	1	1/4	1/4	1	665	in									
69	67	509	509	2.0	3/2	3/2	Chord	4/2	14	1	1/2	1/2	1	666	on-									
69	67	503	503	2.0	0	0	Chord	4/2	21	1	1/2	1/2	1	667										
69	67	505	505	2.0	1/2	1/2	Chord	4/2	21	1	1/2	1/2	1	668										
69	67	507	507	2.0	1	1	Chord	4/2	21	1	1/2	1/2	1	669										
69	67	509	509	2.0	3/2	3/2	Chord	4/2	21	1	1/2	1/2	1	670										
70	68	511	511	2.0	0	0	Chord	4/2	14	1	1/2	1/2	1	671	-da									
70	68	513	513	1.0	1/2	1/2	Chord	4/2	14	1	1/4	1/4	1	672	Ch'og-									
70	68	514	514	0.5	3/4	3/4	Chord	4/2	14	1	1/8	1/8	1	673	-gi									
70	68	1029/2	1029/2	0.5	7/8	7/8	Chord	4/2	14	1	1/8	1/8	1	674	nu									
70	68	515	515	1.5	1	1	Chord	4/2	14	1	3/8	1/4	3/2	675	for-									
70	68	1033/2	1033/2	0.5	11/8	11/8	Chord	4/2	14	1	1/8	1/8	1	676	-mi,es-									
70	68	517	517	1.0	3/2	3/2	Chord	4/2	14	1	1/4	1/4	1	677	-pi-									
70	68	518	518	1.0	7/4	7/4	Chord	4/2	14	1	1/4	1/4	1	678	-ri									
70	68	511	511	4.0	0	0	Chord	4/2	21	1	1	1	1	679										
70	68	515	515	0.0	1	1	FiguredBass	4/2	21	1	0											1/2	b	
70	68	515	515	2.0	1	1	Chord	4/2	21	1	1/2	1/2	1	680										
70	68	517	517	0.0	3/2	3/2	FiguredBass	4/2	21	1	0											1/2	#	
70	68	517	517	2.0	3/2	3/2	Chord	4/2	21	1	1/2	1/2	1	681										
71	69	520	520	1.0	1/4	1/4	Chord	4/2	14	1	1/4	1/4	1	682	Dol-									
71	69	521	521	2.0	1/2	1/2	Chord	4/2	14	1	1/2	1/2	1	683	-cis-									
71	69	523	523	0.5	1	1	Chord	4/2	14	1	1/8	1/8	1	684										
71	69	1047/2	1047/2	0.5	9/8	9/8	Chord	4/2	14	1	1/8	1/8	1	685	-si-									
71	69	524	524	0.75	5/4	5/4	Chord	4/2	14	1	3/16	1/8	3/2	686	-mi									
71	69	2099/4	2099/4	0.25	23/16	23/16	Chord	4/2	14	1	1/16	1/16	1	687	d'a-									
71	69	525	525	2.0	3/2	3/2	Chord	4/2	14	1	1/2	1/2	1	688	-mor									
71	69	519	519	0.0	0	0	FiguredBass	4/2	21	1	0											1	#	
71	69	519	519	4.0	0	0	Chord	4/2	21	1	1	1	1	689										
71	69	523	523	4.0	1	1	Chord	4/2	21	1	1	1	1	690										
72	70	527	527	1.0	0	0	Chord	4/2	14	1	1/4	1/4	1	691										
72	70	528	528	2.0	1/4	1/4	Chord	4/2	14	1	1/2	1/2	1	692	sen-									
72	70	530	530	1.0	3/4	3/4	Chord	4/2	14	1	1/4	1/4	1	693	-si,e-									
72	70	531	531	1.0	1	1	Chord	4/2	14	1	1/4	1/4	1	694										
72	70	532	532	1.0	5/4	5/4	Chord	4/2	14	1	1/4	1/4	1	695	-sos-									
72	70	533	533	2.0	3/2	3/2	Chord	4/2	14	1	1/2	1/2	1	696	-pi									
72	70	527	527	2.0	0	0	Chord	4/2	21	1	1/2	1/2	1	697										
72	70	529	529	0.0	1/2	1/2	FiguredBass	4/2	21	1	0											1/2	6	
72	70	529	529	2.0	1/2	1/2	Chord	4/2	21	1	1/2	1/2	1	698										
72	70	531	531	2.0	1	1	Chord	4/2	21	1	1/2	1/2	1	699										
72	70	533	533	2.0	3/2	3/2	Chord	4/2	21	1	1/2	1/2	1	700										
73	71	535	535	2.0	0	0	Chord	4/2	14	1	1/2	1/2	1	701	ri									
73	71	538	538	1.0	3/4	3/4	Chord	4/2	14	1	1/4	1/4	1	702	Non									
73	71	539	539	3.0	1	1	Chord	4/2	14	1	3/4	1/2	3/2	703	pur									
73	71	542	542	1.0	7/4	7/4	Chord	4/2	14	1	1/4	1/4	1	704	son									
73	71	535	535	4.0	0	0	Chord	4/2	21	1	1	1	1	705										
73	71	539	539	4.0	1	1	Chord	4/2	21	1	1	1	1	706										
74	72	543	543	1.5	0	0	Chord	4/2	14	1	3/8	1/4	3/2	707	lie-									
74	72	1089/2	1089/2	0.5	3/8	3/8	Chord	4/2	14	1	1/8	1/8	1	708	-te									
74	72	545	545	2.0	1/2	1/2	Chord	4/2	14	1	1/2	1/2	1	709	l'al-									
74	72	547	547	2.0	1	1	Chord	4/2	14	1	1/2	1/2	1	710	-me									
74	72	550	550	1.0	7/4	7/4	Chord	4/2	14	1	1/4	1/4	1	711	e									
74	72	543	543	4.0	0	0	Chord	4/2	21	1	1	1	1	712										
74	72	547	547	4.0	1	1	Chord	4/2	21	1	1	1	1	713										
75	73	551	551	0.5	0	0	Chord	4/2	14	1	1/8	1/8	1	714	lie									
75	73	1103/2	1103/2	0.5	1/8	1/8	Chord	4/2	14	1	1/8	1/8	1	715										
75	73	552	552	0.5	1/4	1/4	Chord	4/2	14	1	1/8	1/8	1	716										
75	73	1105/2	1105/2	0.5	3/8	3/8	Chord	4/2	14	1	1/8	1/8	1	717										
75	73	553	553	1.0	1/2	1/2	Chord	4/2	14	1	1/4	1/4	1	718										
75	73	554	554	1.0	3/4	3/4	Chord	4/2	14	1	1/4	1/4	1	719	tii									
75	73	555	555	2.0	1	1	Chord	4/2	14	1	1/2	1/2	1	720	co-									
75	73	557	557	1.0	3/2	3/2	Chord	4/2	14	1	1/4	1/4	1	721	-ri									
75	73	558	558	1.0	7/4	7/4	Chord	4/2	14	1	1/4	1/4	1	722	De									
75	73	551	551	3.0	0	0	Chord	4/2	21	1	3/4	1/2	3/2	723										
75	73	554	554	1.0	3/4	3/4	Chord	4/2	21	1	1/4	1/4	1	724										
75	73	555	555	2.0	1	1	Chord	4/2	21	1	1/2	1/2	1	725										
75	73	557	557	0.0	3/2	3/2	FiguredBass	4/2	21	1	0											1/2	#	
75	73	557	557	2.0	3/2	3/2	Chord	4/2	21	1	1/2	1/2	1	726										
76	74	559	559	3.0	0	0	Chord	4/2	14	1	3/4	1/2	3/2	727	vos-									
76	74	562	562	1.0	3/4	3/4	Chord	4/2	14	1	1/4	1/4	1	728	-tri									
76	74	563	563	1.0	1	1	Chord	4/2	14	1	1/4	1/4	1	729	dol-									
76	74	564	564	1.0	5/4	5/4	Chord	4/2	14	1	1/4	1/4	1	730	-ci									
76	74	565	565	2.0	3/2	3/2	Chord	4/2	14	1	1/2	1/2	1	731	amo-									
76	74	559	559	2.0	0	0	Chord	4/2	21	1	1/2	1/2	1	732										
76	74	561	561	2.0	1/2	1/2	Chord	4/2	21	1	1/2	1/2	1	733										
76	74	563	563	1.0	1	1	Chord	4/2	21	1	1/4	1/4	1	734										
76	74	564	564	1.0	5/4	5/4	Chord	4/2	21	1	1/4	1/4	1	735										
76	74	565	565	0.0	3/2	3/2	FiguredBass	4/2	21	1	0											1/2	#	
76	74	565	565	2.0	3/2	3/2	Chord	4/2	21	1	1/2	1/2	1	736										
77	75	570	570	1.0	3/4	3/4	Chord	4/2	1	1	1/4	1/4	1	737	In									
77	75	571	571	1.5	1	1	Chord	4/2	1	1	3/8	1/4	3/2	738	mil-									
77	75	1145/2	1145/2	0.5	11/8	11/8	Chord	4/2	1	1	1/8	1/8	1	739	-le									
77	75	573	573	1.5	3/2	3/2	Chord	4/2	1	1	3/8	1/4	3/2	740	guise,									
77	75	1149/2	1149/2	0.5	15/8	15/8	Chord	4/2	1	1	1/8	1/8	1	741	e									
77	75	567	567	2.0	0	0	Chord	4/2	14	1	1/2	1/2	1	742	-ri									
77	75	567	567	0.0	0	0	FiguredBass	4/2	21	1	0											1/2	#	
77	75	567	567	2.0	0	0	Chord	4/2	21	1	1/2	1/2	1	743										
77	75	569	569	0.0	1/2	1/2	FiguredBass	4/2	21	1	0											1/2	#	
77	75	569	569	2.0	1/2	1/2	Chord	4/2	21	1	1/2	1/2	1	744										
77	75	571	571	4.0	1	1	Chord	4/2	21	1	1	1	1	745										
78	76	575	575	2.0	0	0	Chord	4/2	1	1	1/2	1/2	1	746	mi-									
78	76	577	577	2.0	1/2	1/2	Chord	4/2	1	1	1/2	1/2	1	747	-lle									
78	76	579	579	1.0	1	1	Chord	4/2	1	1	1/4	1/4	1	748	Cres-									
78	76	580	580	0.5	5/4	5/4	Chord	4/2	1	1	1/8	1/8	1	749	-con									
78	76	1161/2	1161/2	0.5	11/8	11/8	Chord	4/2	1	1	1/8	1/8	1	750	le-									
78	76	581	581	1.5	3/2	3/2	Chord	4/2	1	1	3/8	1/4	3/2	751	-gio-									
78	76	1165/2	1165/2	0.5	15/8	15/8	Chord	4/2	1	1	1/8	1/8	1	752	-ie									
78	76	575	575	4.0	0	0	Chord	4/2	21	1	1	1	1	753										
78	76	579	579	4.0	1	1	Chord	4/2	21	1	1	1	1	754										
79	77	583	583	2.0	0	0	Chord	4/2	1	1	1/2	1/2	1	755	mie									
79	77	585	585	1.0	1/2	1/2	Chord	4/2	1	1	1/4	1/4	1	756	dent-									
79	77	586	586	0.5	3/4	3/4	Chord	4/2	1	1	1/8	1/8	1	757	-r'al									
79	77	1173/2	1173/2	0.5	7/8	7/8	Chord	4/2	1	1	1/8	1/8	1	758	mio									
79	77	587	587	2.0	1	1	Chord	4/2	1	1	1/2	1/2	1	759	pet-									
79	77	589	589	2.0	3/2	3/2	Chord	4/2	1	1	1/2	1/2	1	760	-to									
79	77	583	583	2.0	0	0	Chord	4/2	21	1	1/2	1/2	1	761										
79	77	585	585	2.0	1/2	1/2	Chord	4/2	21	1	1/2	1/2	1	762										
79	77	587	587	4.0	1	1	Chord	4/2	21	1	1	1	1	763										
80	78	591	591	1.0	0	0	Chord	4/2	1	1	1/4	1/4	1	764	Mentr'									
80	78	592	592	1.0	1/4	1/4	Chord	4/2	1	1	1/4	1/4	1	765	o-									
80	78	593	593	1.0	1/2	1/2	Chord	4/2	1	1	1/4	1/4	1	766	-gn'u-									
80	78	594	594	0.5	3/4	3/4	Chord	4/2	1	1	1/8	1/8	1	767	-na									
80	78	1189/2	1189/2	0.5	7/8	7/8	Chord	4/2	1	1	1/8	1/8	1	768	di									
80	78	595	595	1.0	1	1	Chord	4/2	1	1	1/4	1/4	1	769	voi									
80	78	596	596	2.0	5/4	5/4	Chord	4/2	1	1	1/2	1/2	1	770	par									
80	78	598	598	0.5	7/4	7/4	Chord	4/2	1	1	1/8	1/8	1	771	che									
80	78	1197/2	1197/2	0.5	15/8	15/8	Chord	4/2	1	1	1/8	1/8	1	772	scin-									
80	78	591	591	2.0	0	0	Chord	4/2	21	1	1/2	1/2	1	773										
80	78	593	593	2.0	1/2	1/2	Chord	4/2	21	1	1/2	1/2	1	774										
80	78	595	595	2.0	1	1	Chord	4/2	21	1	1/2	1/2	1	775										
80	78	597	597	0.0	3/2	3/2	FiguredBass	4/2	21	1	0											1/2	6	
80	78	597	597	2.0	3/2	3/2	Chord	4/2	21	1	1/2	1/2	1	776										
81	79	599	599	1.0	0	0	Chord	4/2	1	1	1/4	1/4	1	777	-til-									
81	79	600	600	1.0	1/4	1/4	Chord	4/2	1	1	1/4	1/4	1	778	-li									
81	79	602	602	0.5	3/4	3/4	Chord	4/2	1	1	1/8	1/8	1	779	Dal-									
81	79	1205/2	1205/2	0.5	7/8	7/8	Chord	4/2	1	1	1/8	1/8	1	780	-bel									
81	79	603	603	1.0	1	1	Chord	4/2	1	1	1/4	1/4	1	781	guar-									
81	79	604	604	0.5	5/4	5/4	Chord	4/2	1	1	1/8	1/8	1	782	-do									
81	79	1209/2	1209/2	0.5	11/8	11/8	Chord	4/2	1	1	1/8	1/8	1	783	se-									
81	79	605	605	1.0	3/2	3/2	Chord	4/2	1	1	1/4	1/4	1	784	-ren									
81	79	606	606	1.0	7/4	7/4	Chord	4/2	1	1	1/4	1/4	1	785	gioia									
81	79	599	599	2.0	0	0	Chord	4/2	21	1	1/2	1/2	1	786										
81	79	601	601	2.0	1/2	1/2	Chord	4/2	21	1	1/2	1/2	1	787										
81	79	603	603	4.0	1	1	Chord	4/2	21	1	1	1	1	788										
82	80	607	607	1.0	0	0	Chord	4/2	1	1	1/4	1/4	1	789										
82	80	608	608	0.5	1/4	1/4	Chord	4/2	1	1	1/8	1/8	1	790	e									
82	80	1217/2	1217/2	0.5	3/8	3/8	Chord	4/2	1	1	1/8	1/8	1	791	di-									
82	80	609	609	2.0	1/2	1/2	Chord	4/2	1	1	1/2	1/2	1	792	-le-									
82	80	611	611	2.0	1	1	Chord	4/2	1	1	1/2	1/2	1	793	-tto									
82	80	614	614	1.0	7/4	7/4	Chord	4/2	1	1	1/4	1/4	1	794	Ma									
82	80	607	607	0.0	0	0	FiguredBass	4/2	21	1	0											1	#	
82	80	607	607	4.0	0	0	Chord	4/2	21	1	1	1	1	795										
82	80	611	611	0.0	1	1	FiguredBass	4/2	21	1	0											1	#	
82	80	611	611	4.0	1	1	Chord	4/2	21	1	1	1	1	796										
83	81	615	615	2.0	0	0	Chord	4/2	1	1	1/2	1/2	1	797	deh									
83	81	617	617	0.5	1/2	1/2	Chord	4/2	1	1	1/8	1/8	1	798										
83	81	1235/2	1235/2	0.5	5/8	5/8	Chord	4/2	1	1	1/8	1/8	1	799	com-									
83	81	618	618	0.5	3/4	3/4	Chord	4/2	1	1	1/8	1/8	1	800	-pagn'-									
83	81	1237/2	1237/2	0.5	7/8	7/8	Chord	4/2	1	1	1/8	1/8	1	801	-an									
83	81	619	619	2.0	1	1	Chord	4/2	1	1	1/2	1/2	1	802	ta-									
83	81	621	621	2.0	3/2	3/2	Chord	4/2	1	1	1/2	1/2	1	803	-te									
83	81	615	615	4.0	0	0	Chord	4/2	21	1	1	1	1	804										
83	81	619	619	4.0	1	1	Chord	4/2	21	1	1	1	1	805										
84	82	623	623	1.0	0	0	Chord	4/2	1	1	1/4	1/4	1	806	La-									
84	82	624	624	0.5	1/4	1/4	Chord	4/2	1	1	1/8	1/8	1	807	-tra									
84	82	1249/2	1249/2	0.5	3/8	3/8	Chord	4/2	1	1	1/8	1/8	1	808	quell'									
84	82	625	625	1.5	1/2	1/2	Chord	4/2	1	1	3/8	1/4	3/2	809	om-									
84	82	1253/2	1253/2	0.5	7/8	7/8	Chord	4/2	1	1	1/8	1/8	1	810	-bre									
84	82	627	627	2.0	1	1	Chord	4/2	1	1	1/2	1/2	1	811	gra-									
84	82	629	629	1.0	3/2	3/2	Chord	4/2	1	1	1/4	1/4	1	812	-te									
84	82	630	630	1.0	7/4	7/4	Chord	4/2	1	1	1/4	1/4	1	813	mo									
84	82	623	623	3.0	0	0	Chord	4/2	21	1	3/4	1/2	3/2	814										
84	82	626	626	0.0	3/4	3/4	FiguredBass	4/2	21	1	0											1/4	#	
84	82	626	626	1.0	3/4	3/4	Chord	4/2	21	1	1/4	1/4	1	815										
84	82	627	627	2.0	1	1	Chord	4/2	21	1	1/2	1/2	1	816										
84	82	629	629	2.0	3/2	3/2	Chord	4/2	21	1	1/2	1/2	1	817										
85	83	631	631	0.5	0	0	Chord	4/2	1	1	1/8	1/8	1	818	nian									
85	83	1263/2	1263/2	0.5	1/8	1/8	Chord	4/2	1	1	1/8	1/8	1	819	di-									
85	83	632	632	0.5	1/4	1/4	Chord	4/2	1	1	1/8	1/8	1	820	-quel									
85	83	1265/2	1265/2	0.5	3/8	3/8	Chord	4/2	1	1	1/8	1/8	1	821	fio-									
85	83	633	633	1.0	1/2	1/2	Chord	4/2	1	1	1/4	1/4	1	822	-ri									
85	83	634	634	1.0	3/4	3/4	Chord	4/2	1	1	1/4	1/4	1	823	to									
85	83	635	635	1.0	1	1	Chord	4/2	1	1	1/4	1/4	1	824										
85	83	636	636	0.5	5/4	5/4	Chord	4/2	1	1	1/8	1/8	1	825	almo									
85	83	1273/2	1273/2	0.5	11/8	11/8	Chord	4/2	1	1	1/8	1/8	1	826	bos-									
85	83	637	637	2.0	3/2	3/2	Chord	4/2	1	1	1/2	1/2	1	827	-che-									
85	83	631	631	2.0	0	0	Chord	4/2	21	1	1/2	1/2	1	828										
85	83	633	633	2.0	1/2	1/2	Chord	4/2	21	1	1/2	1/2	1	829										
85	83	635	635	2.0	1	1	Chord	4/2	21	1	1/2	1/2	1	830										
85	83	637	637	2.0	3/2	3/2	Chord	4/2	21	1	1/2	1/2	1	831										
86	84	639	639	2.0	0	0	Chord	4/2	1	1	1/2	1/2	1	832	-tto									
86	84	642	642	1.0	3/4	3/4	Chord	4/2	1	1	1/4	1/4	1	833	E									
86	84	643	643	3.0	1	1	Chord	4/2	1	1	3/4	1/2	3/2	834	quivi-									
86	84	646	646	1.0	7/4	7/4	Chord	4/2	1	1	1/4	1/4	1	835	-al									
86	84	639	639	4.0	0	0	Chord	4/2	21	1	1	1	1	836										
86	84	643	643	2.0	1	1	Chord	4/2	21	1	1/2	1/2	1	837										
86	84	645	645	2.0	3/2	3/2	Chord	4/2	21	1	1/2	1/2	1	838										
87	85	647	647	1.0	0	0	Chord	4/2	1	1	1/4	1/4	1	839	suon									
87	85	648	648	1.0	1/4	1/4	Chord	4/2	1	1	1/4	1/4	1	840	de									
87	85	649	649	0.5	1/2	1/2	Chord	4/2	1	1	1/8	1/8	1	841	lim-									
87	85	1299/2	1299/2	0.5	5/8	5/8	Chord	4/2	1	1	1/8	1/8	1	842	-pa-									
87	85	650	650	0.5	3/4	3/4	Chord	4/2	1	1	1/8	1/8	1	843	-di									
87	85	1301/2	1301/2	0.5	7/8	7/8	Chord	4/2	1	1	1/8	1/8	1	844	cris-									
87	85	651	651	2.0	1	1	Chord	4/2	1	1	1/2	1/2	1	845	-ta-									
87	85	653	653	1.0	3/2	3/2	Chord	4/2	1	1	1/4	1/4	1	846	-lli									
87	85	654	654	1.0	7/4	7/4	Chord	4/2	1	1	1/4	1/4	1	847	Tra-									
87	85	647	647	4.0	0	0	Chord	4/2	21	1	1	1	1	848										
87	85	651	651	4.0	1	1	Chord	4/2	21	1	1	1	1	849										
88	86	655	655	2.0	0	0	Chord	4/2	1	1	1/2	1/2	1	850	-rren									
88	86	657	657	1.0	1/2	1/2	Chord	4/2	1	1	1/4	1/4	1	851	lie									
88	86	658	658	0.5	3/4	3/4	Chord	4/2	1	1	1/8	1/8	1	852	ce									
88	86	1317/2	1317/2	0.5	7/8	7/8	Chord	4/2	1	1	1/8	1/8	1	853	ca-									
88	86	659	659	2.0	1	1	Chord	4/2	1	1	1/2	1/2	1	854	-ro-									
88	86	661	661	1.0	3/2	3/2	Chord	4/2	1	1	1/4	1/4	1	855	-le,									
88	86	1325/2	1325/2	0.5	15/8	15/8	Chord	4/2	1	1	1/8	1/8	1	856	e									
88	86	655	655	4.0	0	0	Chord	4/2	21	1	1	1	1	857										
88	86	659	659	4.0	1	1	Chord	4/2	21	1	1	1	1	858										
89	87	663	663	0.5	0	0	Chord	4/2	1	1	1/8	1/8	1	859	lie									
89	87	1327/2	1327/2	0.5	1/8	1/8	Chord	4/2	1	1	1/8	1/8	1	860										
89	87	664	664	0.5	1/4	1/4	Chord	4/2	1	1	1/8	1/8	1	861										
89	87	1329/2	1329/2	0.5	3/8	3/8	Chord	4/2	1	1	1/8	1/8	1	862										
89	87	665	665	2.0	1/2	1/2	Chord	4/2	1	1	1/2	1/2	1	863										
89	87	667	667	1.0	1	1	Chord	4/2	1	1	1/4	1/4	1	864										
89	87	668	668	1.0	5/4	5/4	Chord	4/2	1	1	1/4	1/4	1	865	ti									
89	87	669	669	2.0	3/2	3/2	Chord	4/2	1	1	1/2	1/2	1	866	bal-									
89	87	663	663	4.0	0	0	Chord	4/2	21	1	1	1	1	867										
89	87	667	667	0.0	1	1	FiguredBass	4/2	21	1	0											1/4	#	
89	87	667	667	4.0	1	1	Chord	4/2	21	1	1	1	1	868										
89	87	668	668	0.0	5/4	5/4	FiguredBass	4/2	21	1	0											1/4	11	
89	87	669	669	0.0	3/2	3/2	FiguredBass	4/2	21	1	0											1/4	11	
89	87	670	670	0.0	7/4	7/4	FiguredBass	4/2	21	1	0											1/4	#	
90	88	671	671	4.0	0	0	Chord	4/2	1	1	1	1	1	869	-li									
90	88	675	675	1.0	1	1	Chord	4/2	19	1	1/4	1/4	1	870	I									
90	88	676	676	0.5	5/4	5/4	Chord	4/2	19	1	1/8	1/8	1	871	te									
90	88	1353/2	1353/2	0.5	11/8	11/8	Chord	4/2	19	1	1/8	1/8	1	872	ne-									
90	88	677	677	1.5	3/2	3/2	Chord	4/2	19	1	3/8	1/4	3/2	873	-lie									
90	88	1357/2	1357/2	0.5	15/8	15/8	Chord	4/2	19	1	1/8	1/8	1	874	te									
90	88	671	671	0.0	0	0	FiguredBass	4/2	21	1	0											1	#	
90	88	671	671	4.0	0	0	Chord	4/2	21	1	1	1	1	875										
90	88	675	675	2.0	1	1	Chord	4/2	21	1	1/2	1/2	1	876										
90	88	677	677	2.0	3/2	3/2	Chord	4/2	21	1	1/2	1/2	1	877										
91	89	679	679	2.0	0	0	Chord	4/2	19	1	1/2	1/2	1	878	pur,									
91	89	1363/2	1363/2	0.5	5/8	5/8	Chord	4/2	19	1	1/8	1/8	1	879	noi									
91	89	682	682	0.5	3/4	3/4	Chord	4/2	19	1	1/8	1/8	1	880	qui									
91	89	1365/2	1365/2	0.5	7/8	7/8	Chord	4/2	19	1	1/8	1/8	1	881	fra									
91	89	683	683	1.0	1	1	Chord	4/2	19	1	1/4	1/4	1	882	tan-									
91	89	684	684	0.5	5/4	5/4	Chord	4/2	19	1	1/8	1/8	1	883	-to									
91	89	1369/2	1369/2	0.5	11/8	11/8	Chord	4/2	19	1	1/8	1/8	1	884	che									
91	89	685	685	0.5	3/2	3/2	Chord	4/2	19	1	1/8	1/8	1	885	so-									
91	89	1371/2	1371/2	0.5	13/8	13/8	Chord	4/2	19	1	1/8	1/8	1	886	-pra-									
91	89	686	686	0.75	7/4	7/4	Chord	4/2	19	1	3/16	1/8	3/2	887	-giun-									
91	89	2747/4	2747/4	0.25	31/16	31/16	Chord	4/2	19	1	1/16	1/16	1	888	-gaOr-									
91	89	679	679	4.0	0	0	Chord	4/2	21	1	1	1	1	889										
91	89	683	683	4.0	1	1	Chord	4/2	21	1	1	1	1	890										
92	90	687	687	1.0	0	0	Chord	4/2	19	1	1/4	1/4	1	891	-fe-									
92	90	688	688	1.0	1/4	1/4	Chord	4/2	19	1	1/4	1/4	1	892	-o									
92	90	689	689	1.0	1/2	1/2	Chord	4/2	19	1	1/4	1/4	1	893	L'o-									
92	90	690	690	0.5	3/4	3/4	Chord	4/2	19	1	1/8	1/8	1	894	-re									
92	90	1381/2	1381/2	0.5	7/8	7/8	Chord	4/2	19	1	1/8	1/8	1	895	tra-									
92	90	691	691	1.0	1	1	Chord	4/2	19	1	1/4	1/4	1	896	-pas-									
92	90	692	692	1.0	5/4	5/4	Chord	4/2	19	1	1/4	1/4	1	897	-se-									
92	90	693	693	1.5	3/2	3/2	Chord	4/2	19	1	3/8	1/4	3/2	898	-rem									
92	90	1389/2	1389/2	0.5	15/8	15/8	Chord	4/2	19	1	1/8	1/8	1	899	con									
92	90	687	687	2.0	0	0	Chord	4/2	21	1	1/2	1/2	1	900										
92	90	689	689	2.0	1/2	1/2	Chord	4/2	21	1	1/2	1/2	1	901										
92	90	691	691	2.0	1	1	Chord	4/2	21	1	1/2	1/2	1	902										
92	90	693	693	1.0	3/2	3/2	Chord	4/2	21	1	1/4	1/4	1	903										
92	90	694	694	0.0	7/4	7/4	FiguredBass	4/2	21	1	0											1/4	6	
92	90	694	694	1.0	7/4	7/4	Chord	4/2	21	1	1/4	1/4	1	904										
93	91	701	701	2.0	3/2	3/2	Chord	4/2	9	1	1/2	1/2	1	905	Al									
93	91	695	695	1.5	0	0	Chord	4/2	19	1	3/8	1/4	3/2	906	lie-									
93	91	1393/2	1393/2	0.5	3/8	3/8	Chord	4/2	19	1	1/8	1/8	1	907	-to									
93	91	697	697	2.0	1/2	1/2	Chord	4/2	19	1	1/2	1/2	1	908	can-									
93	91	699	699	2.0	1	1	Chord	4/2	19	1	1/2	1/2	1	909	-to.									
93	91	695	695	1.0	0	0	Chord	4/2	21	1	1/4	1/4	1	910										
93	91	696	696	1.0	1/4	1/4	Chord	4/2	21	1	1/4	1/4	1	911										
93	91	697	697	2.0	1/2	1/2	Chord	4/2	21	1	1/2	1/2	1	912										
93	91	699	699	2.0	1	1	Chord	4/2	21	1	1/2	1/2	1	913										
94	92	703	703	2.0	0	0	Chord	4/2	9	1	1/2	1/2	1	914	can-									
94	92	705	705	2.0	1/2	1/2	Chord	4/2	9	1	1/2	1/2	1	915	-toal									
94	92	707	707	2.0	1	1	Chord	4/2	9	1	1/2	1/2	1	916	bal-									
94	92	709	709	1.0	3/2	3/2	Chord	4/2	9	1	1/4	1/4	1	917	-lo									
94	92	710	710	1.0	7/4	7/4	Chord	4/2	9	1	1/4	1/4	1	918	Al									
94	92	705	705	2.0	1/2	1/2	Chord	4/2	10	1	1/2	1/2	1	919	Al									
94	92	707	707	2.0	1	1	Chord	4/2	10	1	1/2	1/2	1	920	can-									
94	92	709	709	2.0	3/2	3/2	Chord	4/2	10	1	1/2	1/2	1	921	-toal									
94	92	710	710	1.0	7/4	7/4	Chord	4/2	12	1	1/4	1/4	1	922	Al									
95	93	711	711	2.0	0	0	Chord	4/2	9	1	1/2	1/2	1	923	can-									
95	93	713	713	2.0	1/2	1/2	Chord	4/2	9	1	1/2	1/2	1	924	-toal									
95	93	715	715	2.0	1	1	Chord	4/2	9	1	1/2	1/2	1	925	bal-									
95	93	717	717	2.0	3/2	3/2	Chord	4/2	9	1	1/2	1/2	1	926	-loall'-									
95	93	711	711	2.0	0	0	Chord	4/2	10	1	1/2	1/2	1	927	bal-									
95	93	713	713	1.0	1/2	1/2	Chord	4/2	10	1	1/4	1/4	1	928	-lo									
95	93	714	714	1.0	3/4	3/4	Chord	4/2	10	1	1/4	1/4	1	929	al									
95	93	715	715	2.0	1	1	Chord	4/2	10	1	1/2	1/2	1	930	ballo									
95	93	717	717	2.0	3/2	3/2	Chord	4/2	10	1	1/2	1/2	1	931	all'									
95	93	717	717	2.0	3/2	3/2	Chord	4/2	11	1	1/2	1/2	1	932	all'									
95	93	711	711	2.0	0	0	Chord	4/2	12	1	1/2	1/2	1	933	canto									
95	93	713	713	2.0	1/2	1/2	Chord	4/2	12	1	1/2	1/2	1	934	al									
95	93	715	715	2.0	1	1	Chord	4/2	12	1	1/2	1/2	1	935	ball'									
95	93	717	717	2.0	3/2	3/2	Chord	4/2	12	1	1/2	1/2	1	936	all'									
95	93	717	717	2.0	3/2	3/2	Chord	4/2	13	1	1/2	1/2	1	937	all'									
96	94	719	719	0.5	0	0	Chord	4/2	9	1	1/8	1/8	1	938	-om									
96	94	1439/2	1439/2	0.5	1/8	1/8	Chord	4/2	9	1	1/8	1/8	1	939										
96	94	720	720	0.5	1/4	1/4	Chord	4/2	9	1	1/8	1/8	1	940										
96	94	1441/2	1441/2	0.5	3/8	3/8	Chord	4/2	9	1	1/8	1/8	1	941										
96	94	721	721	1.0	1/2	1/2	Chord	4/2	9	1	1/4	1/4	1	942										
96	94	722	722	1.0	3/4	3/4	Chord	4/2	9	1	1/4	1/4	1	943	bra									
96	94	723	723	2.0	1	1	Chord	4/2	9	1	1/2	1/2	1	944	al									
96	94	725	725	2.0	3/2	3/2	Chord	4/2	9	1	1/2	1/2	1	945	pra									
96	94	719	719	0.5	0	0	Chord	4/2	10	1	1/8	1/8	1	946	om									
96	94	1439/2	1439/2	0.5	1/8	1/8	Chord	4/2	10	1	1/8	1/8	1	947										
96	94	720	720	0.5	1/4	1/4	Chord	4/2	10	1	1/8	1/8	1	948										
96	94	1441/2	1441/2	0.5	3/8	3/8	Chord	4/2	10	1	1/8	1/8	1	949										
96	94	721	721	1.0	1/2	1/2	Chord	4/2	10	1	1/4	1/4	1	950	br'									
96	94	722	722	1.0	3/4	3/4	Chord	4/2	10	1	1/4	1/4	1	951	al									
96	94	723	723	2.0	1	1	Chord	4/2	10	1	1/2	1/2	1	952	pra-									
96	94	725	725	2.0	3/2	3/2	Chord	4/2	10	1	1/2	1/2	1	953	-to									
96	94	719	719	3.0	0	0	Chord	4/2	11	1	3/4	1/2	3/2	954	om									
96	94	722	722	1.0	3/4	3/4	Chord	4/2	11	1	1/4	1/4	1	955	braal									
96	94	723	723	2.0	1	1	Chord	4/2	11	1	1/2	1/2	1	956	pra-									
96	94	725	725	1.0	3/2	3/2	Chord	4/2	11	1	1/4	1/4	1	957	-to									
96	94	726	726	1.0	7/4	7/4	Chord	4/2	11	1	1/4	1/4	1	958	ador									
96	94	719	719	0.5	0	0	Chord	4/2	12	1	1/8	1/8	1	959	om									
96	94	1439/2	1439/2	0.5	1/8	1/8	Chord	4/2	12	1	1/8	1/8	1	960										
96	94	720	720	0.5	1/4	1/4	Chord	4/2	12	1	1/8	1/8	1	961										
96	94	1441/2	1441/2	0.5	3/8	3/8	Chord	4/2	12	1	1/8	1/8	1	962										
96	94	721	721	1.0	1/2	1/2	Chord	4/2	12	1	1/4	1/4	1	963										
96	94	722	722	1.0	3/4	3/4	Chord	4/2	12	1	1/4	1/4	1	964	bra'l									
96	94	723	723	2.0	1	1	Chord	4/2	12	1	1/2	1/2	1	965	pra-									
96	94	725	725	2.0	3/2	3/2	Chord	4/2	12	1	1/2	1/2	1	966	-to									
96	94	719	719	3.0	0	0	Chord	4/2	13	1	3/4	1/2	3/2	967	om-									
96	94	722	722	1.0	3/4	3/4	Chord	4/2	13	1	1/4	1/4	1	968	-braal									
96	94	723	723	0.5	1	1	Chord	4/2	13	1	1/8	1/8	1	969	pra									
96	94	1447/2	1447/2	0.5	9/8	9/8	Chord	4/2	13	1	1/8	1/8	1	970										
96	94	724	724	0.5	5/4	5/4	Chord	4/2	13	1	1/8	1/8	1	971										
96	94	1449/2	1449/2	0.5	11/8	11/8	Chord	4/2	13	1	1/8	1/8	1	972										
96	94	725	725	1.0	3/2	3/2	Chord	4/2	13	1	1/4	1/4	1	973	to									
96	94	726	726	1.0	7/4	7/4	Chord	4/2	13	1	1/4	1/4	1	974										
97	95	727	727	2.0	0	0	Chord	4/2	9	1	1/2	1/2	1	975	toa-									
97	95	729	729	2.0	1/2	1/2	Chord	4/2	9	1	1/2	1/2	1	976	-dor-									
97	95	731	731	4.0	1	1	Chord	4/2	9	1	1	1	1	977	-no									
97	95	727	727	4.0	0	0	Chord	4/2	10	1	1	1	1	978	ador									
97	95	731	731	4.0	1	1	Chord	4/2	10	1	1	1	1	979	no									
97	95	727	727	1.0	0	0	Chord	4/2	11	1	1/4	1/4	1	980										
97	95	728	728	0.5	1/4	1/4	Chord	4/2	11	1	1/8	1/8	1	981										
97	95	1457/2	1457/2	0.5	3/8	3/8	Chord	4/2	11	1	1/8	1/8	1	982										
97	95	729	729	2.0	1/2	1/2	Chord	4/2	11	1	1/2	1/2	1	983										
97	95	731	731	4.0	1	1	Chord	4/2	11	1	1	1	1	984	no									
97	95	727	727	4.0	0	0	Chord	4/2	12	1	1	1	1	985	ador									
97	95	731	731	4.0	1	1	Chord	4/2	12	1	1	1	1	986	no									
97	95	727	727	4.0	0	0	Chord	4/2	13	1	1	1	1	987	ador									
97	95	731	731	4.0	1	1	Chord	4/2	13	1	1	1	1	988	no									
98	96	735	735	1.5	0	0	Chord	6/2	9	1	3/8	1/4	3/2	989	A-									
98	96	1473/2	1473/2	0.5	3/8	3/8	Chord	6/2	9	1	1/8	1/8	1	990	-lle									
98	96	737	737	1.0	1/2	1/2	Chord	6/2	9	1	1/4	1/4	1	991	bell									
98	96	738	738	2.0	3/4	3/4	Chord	6/2	9	1	1/2	1/2	1	992	ond'									
98	96	740	740	1.0	5/4	5/4	Chord	6/2	9	1	1/4	1/4	1	993	e									
98	96	741	741	2.0	3/2	3/2	Chord	6/2	9	1	1/2	1/2	1	994	lie-									
98	96	743	743	1.0	2	2	Chord	6/2	9	1	1/4	1/4	1	995	-te									
98	96	744	744	1.0	9/4	9/4	Chord	6/2	9	1	1/4	1/4	1	996	tutti,									
98	96	745	745	0.5	5/2	5/2	Chord	6/2	9	1	1/8	1/8	1	997										
98	96	1491/2	1491/2	0.5	21/8	21/8	Chord	6/2	9	1	1/8	1/8	1	998	o									
98	96	746	746	1.0	11/4	11/4	Chord	6/2	9	1	1/4	1/4	1	999	Pa-									
98	96	735	735	1.5	0	0	Chord	6/2	10	1	3/8	1/4	3/2	1000	a-									
98	96	1473/2	1473/2	0.5	3/8	3/8	Chord	6/2	10	1	1/8	1/8	1	1001	-lle									
98	96	737	737	1.0	1/2	1/2	Chord	6/2	10	1	1/4	1/4	1	1002	bell'									
98	96	738	738	2.0	3/4	3/4	Chord	6/2	10	1	1/2	1/2	1	1003	on-									
98	96	740	740	1.0	5/4	5/4	Chord	6/2	10	1	1/4	1/4	1	1004	-de,e									
98	96	741	741	2.0	3/2	3/2	Chord	6/2	10	1	1/2	1/2	1	1005	lie-									
98	96	743	743	1.0	2	2	Chord	6/2	10	1	1/4	1/4	1	1006	-te									
98	96	744	744	1.0	9/4	9/4	Chord	6/2	10	1	1/4	1/4	1	1007	tu-									
98	96	745	745	0.5	5/2	5/2	Chord	6/2	10	1	1/8	1/8	1	1008										
98	96	1491/2	1491/2	0.5	21/8	21/8	Chord	6/2	10	1	1/8	1/8	1	1009	-tti,o									
98	96	746	746	1.0	11/4	11/4	Chord	6/2	10	1	1/4	1/4	1	1010	Pa-									
98	96	735	735	1.5	0	0	Chord	6/2	11	1	3/8	1/4	3/2	1011	a-									
98	96	1473/2	1473/2	0.5	3/8	3/8	Chord	6/2	11	1	1/8	1/8	1	1012	-lle									
98	96	737	737	1.0	1/2	1/2	Chord	6/2	11	1	1/4	1/4	1	1013	bell'									
98	96	738	738	2.0	3/4	3/4	Chord	6/2	11	1	1/2	1/2	1	1014	on-									
98	96	740	740	1.0	5/4	5/4	Chord	6/2	11	1	1/4	1/4	1	1015	-de,e									
98	96	741	741	2.0	3/2	3/2	Chord	6/2	11	1	1/2	1/2	1	1016	lie-									
98	96	743	743	1.0	2	2	Chord	6/2	11	1	1/4	1/4	1	1017	-te									
98	96	744	744	1.0	9/4	9/4	Chord	6/2	11	1	1/4	1/4	1	1018	tu-									
98	96	745	745	0.5	5/2	5/2	Chord	6/2	11	1	1/8	1/8	1	1019										
98	96	1491/2	1491/2	0.5	21/8	21/8	Chord	6/2	11	1	1/8	1/8	1	1020	-tti,o									
98	96	746	746	1.0	11/4	11/4	Chord	6/2	11	1	1/4	1/4	1	1021	Pa-									
98	96	735	735	1.5	0	0	Chord	6/2	12	1	3/8	1/4	3/2	1022	a-									
98	96	1473/2	1473/2	0.5	3/8	3/8	Chord	6/2	12	1	1/8	1/8	1	1023	-lle									
98	96	737	737	1.0	1/2	1/2	Chord	6/2	12	1	1/4	1/4	1	1024	bell'									
98	96	738	738	2.0	3/4	3/4	Chord	6/2	12	1	1/2	1/2	1	1025	on-									
98	96	740	740	1.0	5/4	5/4	Chord	6/2	12	1	1/4	1/4	1	1026	-de,e									
98	96	741	741	2.0	3/2	3/2	Chord	6/2	12	1	1/2	1/2	1	1027	lie-									
98	96	743	743	1.0	2	2	Chord	6/2	12	1	1/4	1/4	1	1028	-te									
98	96	744	744	1.0	9/4	9/4	Chord	6/2	12	1	1/4	1/4	1	1029	tu-									
98	96	745	745	0.5	5/2	5/2	Chord	6/2	12	1	1/8	1/8	1	1030										
98	96	1491/2	1491/2	0.5	21/8	21/8	Chord	6/2	12	1	1/8	1/8	1	1031	-tti,o									
98	96	746	746	1.0	11/4	11/4	Chord	6/2	12	1	1/4	1/4	1	1032	Pa-									
98	96	744	744	1.0	9/4	9/4	Chord	6/2	13	1	1/4	1/4	1	1033	tu-									
98	96	745	745	0.5	5/2	5/2	Chord	6/2	13	1	1/8	1/8	1	1034										
98	96	1491/2	1491/2	0.5	21/8	21/8	Chord	6/2	13	1	1/8	1/8	1	1035	-tti,o									
98	96	746	746	1.0	11/4	11/4	Chord	6/2	13	1	1/4	1/4	1	1036	Pa-									
99	97	747	747	2.0	0	0	Chord	6/2	9	1	1/2	1/2	1	1037	-stor									
99	97	749	749	1.0	1/2	1/2	Chord	6/2	9	1	1/4	1/4	1	1038	co-									
99	97	750	750	2.0	3/4	3/4	Chord	6/2	9	1	1/2	1/2	1	1039	-rre-									
99	97	752	752	1.0	5/4	5/4	Chord	6/2	9	1	1/4	1/4	1	1040	-te									
99	97	756	756	1.0	9/4	9/4	Chord	6/2	9	1	1/4	1/4	1	1041	Dol-									
99	97	757	757	0.5	5/2	5/2	Chord	6/2	9	1	1/8	1/8	1	1042										
99	97	1515/2	1515/2	0.5	21/8	21/8	Chord	6/2	9	1	1/8	1/8	1	1043	-ce									
99	97	758	758	1.0	11/4	11/4	Chord	6/2	9	1	1/4	1/4	1	1044	can-									
99	97	747	747	2.0	0	0	Chord	6/2	10	1	1/2	1/2	1	1045	-stor									
99	97	749	749	1.0	1/2	1/2	Chord	6/2	10	1	1/4	1/4	1	1046	co-									
99	97	750	750	2.0	3/4	3/4	Chord	6/2	10	1	1/2	1/2	1	1047	-rre-									
99	97	752	752	1.0	5/4	5/4	Chord	6/2	10	1	1/4	1/4	1	1048	-te									
99	97	753	753	1.5	3/2	3/2	Chord	6/2	10	1	3/8	1/4	3/2	1049	dol-									
99	97	1509/2	1509/2	0.5	15/8	15/8	Chord	6/2	10	1	1/8	1/8	1	1050	-ce									
99	97	755	755	1.0	2	2	Chord	6/2	10	1	1/4	1/4	1	1051	can-									
99	97	756	756	2.0	9/4	9/4	Chord	6/2	10	1	1/2	1/2	1	1052	-ta-									
99	97	758	758	1.0	11/4	11/4	Chord	6/2	10	1	1/4	1/4	1	1053	-do									
99	97	747	747	2.0	0	0	Chord	6/2	11	1	1/2	1/2	1	1054	-stor									
99	97	749	749	1.0	1/2	1/2	Chord	6/2	11	1	1/4	1/4	1	1055	co-									
99	97	750	750	2.0	3/4	3/4	Chord	6/2	11	1	1/2	1/2	1	1056	-rre-									
99	97	752	752	1.0	5/4	5/4	Chord	6/2	11	1	1/4	1/4	1	1057	-te									
99	97	753	753	1.5	3/2	3/2	Chord	6/2	11	1	3/8	1/4	3/2	1058	dol-									
99	97	1509/2	1509/2	0.5	15/8	15/8	Chord	6/2	11	1	1/8	1/8	1	1059	-ce									
99	97	755	755	1.0	2	2	Chord	6/2	11	1	1/4	1/4	1	1060	can-									
99	97	756	756	3.0	9/4	9/4	Chord	6/2	11	1	3/4	1/2	3/2	1061	-ta-									
99	97	747	747	2.0	0	0	Chord	6/2	12	1	1/2	1/2	1	1062	-stor									
99	97	749	749	1.0	1/2	1/2	Chord	6/2	12	1	1/4	1/4	1	1063	co-									
99	97	750	750	2.0	3/4	3/4	Chord	6/2	12	1	1/2	1/2	1	1064	-rre-									
99	97	752	752	1.0	5/4	5/4	Chord	6/2	12	1	1/4	1/4	1	1065	-te									
99	97	753	753	1.5	3/2	3/2	Chord	6/2	12	1	3/8	1/4	3/2	1066	dol-									
99	97	1509/2	1509/2	0.5	15/8	15/8	Chord	6/2	12	1	1/8	1/8	1	1067	-ce									
99	97	755	755	1.0	2	2	Chord	6/2	12	1	1/4	1/4	1	1068	can-									
99	97	756	756	2.0	9/4	9/4	Chord	6/2	12	1	1/2	1/2	1	1069	-ta-									
99	97	758	758	1.0	11/4	11/4	Chord	6/2	12	1	1/4	1/4	1	1070	-do									
99	97	747	747	2.0	0	0	Chord	6/2	13	1	1/2	1/2	1	1071	-stor									
99	97	749	749	1.0	1/2	1/2	Chord	6/2	13	1	1/4	1/4	1	1072	co-									
99	97	750	750	2.0	3/4	3/4	Chord	6/2	13	1	1/2	1/2	1	1073	-rre-									
99	97	752	752	1.0	5/4	5/4	Chord	6/2	13	1	1/4	1/4	1	1074	-te									
99	97	753	753	1.5	3/2	3/2	Chord	6/2	13	1	3/8	1/4	3/2	1075	dol-									
99	97	1509/2	1509/2	0.5	15/8	15/8	Chord	6/2	13	1	1/8	1/8	1	1076	-ce									
99	97	755	755	1.0	2	2	Chord	6/2	13	1	1/4	1/4	1	1077	can-									
99	97	756	756	2.0	9/4	9/4	Chord	6/2	13	1	1/2	1/2	1	1078	-ta-									
99	97	758	758	1.0	11/4	11/4	Chord	6/2	13	1	1/4	1/4	1	1079	-do									
100	98	759	759	2.0	0	0	Chord	6/2	9	1	1/2	1/2	1	1080	-tan									
100	98	761	761	1.0	1/2	1/2	Chord	6/2	9	1	1/4	1/4	1	1081	do									
100	98	762	762	1.0	3/4	3/4	Chord	6/2	9	1	1/4	1/4	1	1082	Dol-									
100	98	763	763	0.5	1	1	Chord	6/2	9	1	1/8	1/8	1	1083										
100	98	1527/2	1527/2	0.5	9/8	9/8	Chord	6/2	9	1	1/8	1/8	1	1084	-ce									
100	98	764	764	1.0	5/4	5/4	Chord	6/2	9	1	1/4	1/4	1	1085	can-									
100	98	765	765	0.5	3/2	3/2	Chord	6/2	9	1	1/8	1/8	1	1086	-tan-									
100	98	1531/2	1531/2	0.5	13/8	13/8	Chord	6/2	9	1	1/8	1/8	1	1087										
100	98	766	766	0.5	7/4	7/4	Chord	6/2	9	1	1/8	1/8	1	1088										
100	98	1533/2	1533/2	0.5	15/8	15/8	Chord	6/2	9	1	1/8	1/8	1	1089										
100	98	767	767	1.0	2	2	Chord	6/2	9	1	1/4	1/4	1	1090										
100	98	768	768	1.0	9/4	9/4	Chord	6/2	9	1	1/4	1/4	1	1091	-doin									
100	98	769	769	1.0	5/2	5/2	Chord	6/2	9	1	1/4	1/4	1	1092	si									
100	98	770	770	1.0	11/4	11/4	Chord	6/2	9	1	1/4	1/4	1	1093	be-									
100	98	759	759	1.5	0	0	Chord	6/2	10	1	3/8	1/4	3/2	1094	dol-									
100	98	1521/2	1521/2	0.5	3/8	3/8	Chord	6/2	10	1	1/8	1/8	1	1095	-ce									
100	98	761	761	1.0	1/2	1/2	Chord	6/2	10	1	1/4	1/4	1	1096	can-									
100	98	762	762	0.5	3/4	3/4	Chord	6/2	10	1	1/8	1/8	1	1097	-tan-									
100	98	1525/2	1525/2	0.5	7/8	7/8	Chord	6/2	10	1	1/8	1/8	1	1098										
100	98	763	763	0.5	1	1	Chord	6/2	10	1	1/8	1/8	1	1099										
100	98	1527/2	1527/2	0.5	9/8	9/8	Chord	6/2	10	1	1/8	1/8	1	1100										
100	98	764	764	0.5	5/4	5/4	Chord	6/2	10	1	1/8	1/8	1	1101										
100	98	1529/2	1529/2	0.5	11/8	11/8	Chord	6/2	10	1	1/8	1/8	1	1102										
100	98	765	765	0.5	3/2	3/2	Chord	6/2	10	1	1/8	1/8	1	1103										
100	98	1531/2	1531/2	0.5	13/8	13/8	Chord	6/2	10	1	1/8	1/8	1	1104										
100	98	766	766	0.5	7/4	7/4	Chord	6/2	10	1	1/8	1/8	1	1105										
100	98	1533/2	1533/2	0.5	15/8	15/8	Chord	6/2	10	1	1/8	1/8	1	1106										
100	98	767	767	1.0	2	2	Chord	6/2	10	1	1/4	1/4	1	1107										
100	98	768	768	1.0	9/4	9/4	Chord	6/2	10	1	1/4	1/4	1	1108	-doin									
100	98	769	769	1.0	5/2	5/2	Chord	6/2	10	1	1/4	1/4	1	1109	si									
100	98	770	770	1.0	11/4	11/4	Chord	6/2	10	1	1/4	1/4	1	1110	be-									
100	98	759	759	3.0	0	0	Chord	6/2	11	1	3/4	1/2	3/2	1111	-do									
100	98	762	762	1.0	3/4	3/4	Chord	6/2	11	1	1/4	1/4	1	1112	Dol-									
100	98	763	763	0.5	1	1	Chord	6/2	11	1	1/8	1/8	1	1113										
100	98	1527/2	1527/2	0.5	9/8	9/8	Chord	6/2	11	1	1/8	1/8	1	1114	-ce									
100	98	764	764	1.0	5/4	5/4	Chord	6/2	11	1	1/4	1/4	1	1115	can-									
100	98	765	765	3.0	3/2	3/2	Chord	6/2	11	1	3/4	1/2	3/2	1116	-tan-									
100	98	768	768	1.0	9/4	9/4	Chord	6/2	11	1	1/4	1/4	1	1117	-doin									
100	98	769	769	1.0	5/2	5/2	Chord	6/2	11	1	1/4	1/4	1	1118	si									
100	98	770	770	1.0	11/4	11/4	Chord	6/2	11	1	1/4	1/4	1	1119	be-									
100	98	759	759	1.5	0	0	Chord	6/2	12	1	3/8	1/4	3/2	1120	Dol-									
100	98	1521/2	1521/2	0.5	3/8	3/8	Chord	6/2	12	1	1/8	1/8	1	1121	-ce									
100	98	761	761	1.0	1/2	1/2	Chord	6/2	12	1	1/4	1/4	1	1122	can-									
100	98	762	762	2.0	3/4	3/4	Chord	6/2	12	1	1/2	1/2	1	1123	-tan-									
100	98	764	764	1.0	5/4	5/4	Chord	6/2	12	1	1/4	1/4	1	1124	-do									
100	98	768	768	1.0	9/4	9/4	Chord	6/2	12	1	1/4	1/4	1	1125	in									
100	98	769	769	1.0	5/2	5/2	Chord	6/2	12	1	1/4	1/4	1	1126	si									
100	98	770	770	1.0	11/4	11/4	Chord	6/2	12	1	1/4	1/4	1	1127	be-									
100	98	762	762	1.0	3/4	3/4	Chord	6/2	13	1	1/4	1/4	1	1128	dol-									
100	98	763	763	0.5	1	1	Chord	6/2	13	1	1/8	1/8	1	1129										
100	98	1527/2	1527/2	0.5	9/8	9/8	Chord	6/2	13	1	1/8	1/8	1	1130	-ce									
100	98	764	764	1.0	5/4	5/4	Chord	6/2	13	1	1/4	1/4	1	1131	can-									
100	98	765	765	3.0	3/2	3/2	Chord	6/2	13	1	3/4	1/2	3/2	1132	-tan									
100	98	768	768	1.0	9/4	9/4	Chord	6/2	13	1	1/4	1/4	1	1133	doin									
100	98	769	769	1.0	5/2	5/2	Chord	6/2	13	1	1/4	1/4	1	1134	si									
100	98	770	770	1.0	11/4	11/4	Chord	6/2	13	1	1/4	1/4	1	1135	be-									
101	99	771	771	3.0	0	0	Chord	6/2	9	1	3/4	1/2	3/2	1136	-a-									
101	99	774	774	1.0	3/4	3/4	Chord	6/2	9	1	1/4	1/4	1	1137	-to									
101	99	775	775	4.0	1	1	Chord	6/2	9	1	1	1	1	1138	gior-									
101	99	779	779	4.0	2	2	Chord	6/2	9	1	1	1	1	1139	-no									
101	99	771	771	0.5	0	0	Chord	6/2	10	1	1/8	1/8	1	1140	-a-									
101	99	1543/2	1543/2	0.5	1/8	1/8	Chord	6/2	10	1	1/8	1/8	1	1141										
101	99	772	772	0.5	1/4	1/4	Chord	6/2	10	1	1/8	1/8	1	1142										
101	99	1545/2	1545/2	0.5	3/8	3/8	Chord	6/2	10	1	1/8	1/8	1	1143										
101	99	773	773	1.0	1/2	1/2	Chord	6/2	10	1	1/4	1/4	1	1144										
101	99	774	774	1.0	3/4	3/4	Chord	6/2	10	1	1/4	1/4	1	1145										
101	99	775	775	2.0	1	1	Chord	6/2	10	1	1/2	1/2	1	1146	to									
101	99	777	777	2.0	3/2	3/2	Chord	6/2	10	1	1/2	1/2	1	1147	gior-									
101	99	779	779	4.0	2	2	Chord	6/2	10	1	1	1	1	1148	-no									
101	99	771	771	1.5	0	0	Chord	6/2	11	1	3/8	1/4	3/2	1149	-a-									
101	99	1545/2	1545/2	0.5	3/8	3/8	Chord	6/2	11	1	1/8	1/8	1	1150										
101	99	773	773	1.0	1/2	1/2	Chord	6/2	11	1	1/4	1/4	1	1151										
101	99	774	774	1.0	3/4	3/4	Chord	6/2	11	1	1/4	1/4	1	1152	-to									
101	99	775	775	4.0	1	1	Chord	6/2	11	1	1	1	1	1153	gior-									
101	99	779	779	4.0	2	2	Chord	6/2	11	1	1	1	1	1154	-no									
101	99	771	771	1.0	0	0	Chord	6/2	12	1	1/4	1/4	1	1155	-a-									
101	99	772	772	0.5	1/4	1/4	Chord	6/2	12	1	1/8	1/8	1	1156										
101	99	1545/2	1545/2	0.5	3/8	3/8	Chord	6/2	12	1	1/8	1/8	1	1157										
101	99	773	773	1.0	1/2	1/2	Chord	6/2	12	1	1/4	1/4	1	1158										
101	99	774	774	1.0	3/4	3/4	Chord	6/2	12	1	1/4	1/4	1	1159	-to									
101	99	775	775	4.0	1	1	Chord	6/2	12	1	1	1	1	1160	gior-									
101	99	779	779	4.0	2	2	Chord	6/2	12	1	1	1	1	1161	-no									
101	99	771	771	3.0	0	0	Chord	6/2	13	1	3/4	1/2	3/2	1162	-a-									
101	99	774	774	1.0	3/4	3/4	Chord	6/2	13	1	1/4	1/4	1	1163	-to									
101	99	775	775	4.0	1	1	Chord	6/2	13	1	1	1	1	1164	gior-									
101	99	779	779	4.0	2	2	Chord	6/2	13	1	1	1	1	1165	-no									
102	100	783	783	2.0	0	0	Chord	4/2	7	1	1/2	1/2	1	1166	Sel-									
102	100	785	785	1.5	1/2	1/2	Chord	4/2	7	1	3/8	1/4	3/2	1167	-va-									
102	100	1573/2	1573/2	0.5	7/8	7/8	Chord	4/2	7	1	1/8	1/8	1	1168	-ggia									
102	100	787	787	2.0	1	1	Chord	4/2	7	1	1/2	1/2	1	1169	Diu-									
102	100	789	789	2.0	3/2	3/2	Chord	4/2	7	1	1/2	1/2	1	1170	-a									
102	100	783	783	0.0	0	0	FiguredBass	4/2	21	1	0											2	#	
102	100	783	783	8.0	0	0	Chord	4/2	21	1	2	2	1	1171										
103	101	792	792	1.0	1/4	1/4	Chord	4/2	7	1	1/4	1/4	1	1172	e									
103	101	793	793	1.5	1/2	1/2	Chord	4/2	7	1	3/8	1/4	3/2	1173	bos-									
103	101	1589/2	1589/2	0.5	7/8	7/8	Chord	4/2	7	1	1/8	1/8	1	1174	-che-									
103	101	795	795	1.0	1	1	Chord	4/2	7	1	1/4	1/4	1	1175	-re-									
103	101	796	796	1.0	5/4	5/4	Chord	4/2	7	1	1/4	1/4	1	1176	-ccie									
103	101	797	797	2.0	3/2	3/2	Chord	4/2	7	1	1/2	1/2	1	1177	Nin-									
103	101	791	791	0.0	0	0	FiguredBass	4/2	21	1	0											3/4	#	
103	101	791	791	3.0	0	0	Chord	4/2	21	1	3/4	1/2	3/2	1178										
103	101	794	794	0.0	3/4	3/4	FiguredBass	4/2	21	1	0											1/4	#	
103	101	794	794	1.0	3/4	3/4	Chord	4/2	21	1	1/4	1/4	1	1179										
103	101	795	795	0.0	1	1	FiguredBass	4/2	21	1	0											1/4	b	
103	101	795	795	1.0	1	1	Chord	4/2	21	1	1/4	1/4	1	1180										
103	101	796	796	1.0	5/4	5/4	Chord	4/2	21	1	1/4	1/4	1	1181										
103	101	797	797	2.0	3/2	3/2	Chord	4/2	21	1	1/2	1/2	1	1182										
104	102	799	799	4.0	0	0	Chord	4/2	7	1	1	1	1	1183	-fe									
104	102	803	803	1.0	1	1	Chord	4/2	7	1	1/4	1/4	1	1184	Sa-									
104	102	804	804	0.5	5/4	5/4	Chord	4/2	7	1	1/8	1/8	1	1185	-ti-									
104	102	1609/2	1609/2	0.5	11/8	11/8	Chord	4/2	7	1	1/8	1/8	1	1186	-ri,e									
104	102	805	805	1.0	3/2	3/2	Chord	4/2	7	1	1/4	1/4	1	1187	voi									
104	102	806	806	1.0	7/4	7/4	Chord	4/2	7	1	1/4	1/4	1	1188	sil-									
104	102	799	799	4.0	0	0	Chord	4/2	21	1	1	1	1	1189										
104	102	803	803	2.0	1	1	Chord	4/2	21	1	1/2	1/2	1	1190										
104	102	805	805	1.0	3/2	3/2	Chord	4/2	21	1	1/4	1/4	1	1191										
104	102	806	806	1.0	7/4	7/4	Chord	4/2	21	1	1/4	1/4	1	1192										
105	103	807	807	2.0	0	0	Chord	4/2	7	1	1/2	1/2	1	1193	-va-									
105	103	809	809	2.0	1/2	1/2	Chord	4/2	7	1	1/2	1/2	1	1194	-ni									
105	103	811	811	1.0	1	1	Chord	4/2	7	1	1/4	1/4	1	1195	Re-									
105	103	812	812	0.5	5/4	5/4	Chord	4/2	7	1	1/8	1/8	1	1196	-te									
105	103	1625/2	1625/2	0.5	11/8	11/8	Chord	4/2	7	1	1/8	1/8	1	1197	las-									
105	103	813	813	1.0	3/2	3/2	Chord	4/2	7	1	1/4	1/4	1	1198	-cia-									
105	103	814	814	1.0	7/4	7/4	Chord	4/2	7	1	1/4	1/4	1	1199	-te,e									
105	103	807	807	2.0	0	0	Chord	4/2	21	1	1/2	1/2	1	1200										
105	103	809	809	2.0	1/2	1/2	Chord	4/2	21	1	1/2	1/2	1	1201										
105	103	811	811	1.0	1	1	Chord	4/2	21	1	1/4	1/4	1	1202										
105	103	812	812	0.0	5/4	5/4	FiguredBass	4/2	21	1	0											1/8	6	
105	103	812	812	0.5	5/4	5/4	Chord	4/2	21	1	1/8	1/8	1	1203										
105	103	1625/2	1625/2	0.5	11/8	11/8	Chord	4/2	21	1	1/8	1/8	1	1204										
105	103	813	813	0.0	3/2	3/2	FiguredBass	4/2	21	1	0											1/4	6	
105	103	813	813	1.0	3/2	3/2	Chord	4/2	21	1	1/4	1/4	1	1205										
105	103	814	814	1.0	7/4	7/4	Chord	4/2	21	1	1/4	1/4	1	1206										
106	104	815	815	2.0	0	0	Chord	4/2	7	1	1/2	1/2	1	1207	ca-									
106	104	817	817	1.0	1/2	1/2	Chord	4/2	7	1	1/4	1/4	1	1208	-ni									
106	104	818	818	1.0	3/4	3/4	Chord	4/2	7	1	1/4	1/4	1	1209	Ve-									
106	104	819	819	3.0	1	1	Chord	4/2	7	1	3/4	1/2	3/2	1210	-nite									
106	104	822	822	1.0	7/4	7/4	Chord	4/2	7	1	1/4	1/4	1	1211	al									
106	104	815	815	2.0	0	0	Chord	4/2	21	1	1/2	1/2	1	1212										
106	104	817	817	2.0	1/2	1/2	Chord	4/2	21	1	1/2	1/2	1	1213										
106	104	819	819	2.0	1	1	Chord	4/2	21	1	1/2	1/2	1	1214										
106	104	821	821	2.0	3/2	3/2	Chord	4/2	21	1	1/2	1/2	1	1215										
107	105	823	823	1.5	0	0	Chord	4/2	7	1	3/8	1/4	3/2	1216	suon									
107	105	1649/2	1649/2	0.5	3/8	3/8	Chord	4/2	7	1	1/8	1/8	1	1217	de-									
107	105	825	825	0.5	1/2	1/2	Chord	4/2	7	1	1/8	1/8	1	1218	-lle									
107	105	1651/2	1651/2	0.5	5/8	5/8	Chord	4/2	7	1	1/8	1/8	1	1219	co-									
107	105	826	826	1.0	3/4	3/4	Chord	4/2	7	1	1/4	1/4	1	1220	-rren									
107	105	827	827	1.0	1	1	Chord	4/2	7	1	1/4	1/4	1	1221										
107	105	828	828	1.0	5/4	5/4	Chord	4/2	7	1	1/4	1/4	1	1222	ti									
107	105	829	829	2.0	3/2	3/2	Chord	4/2	7	1	1/2	1/2	1	1223	linse									
107	105	823	823	4.0	0	0	Chord	4/2	21	1	1	1	1	1224										
107	105	827	827	0.0	1	1	FiguredBass	4/2	21	1	0											1/2	6	
107	105	827	827	2.0	1	1	Chord	4/2	21	1	1/2	1/2	1	1225										
107	105	829	829	2.0	3/2	3/2	Chord	4/2	21	1	1/2	1/2	1	1226										
108	106	831	831	2.0	0	0	Chord	4/2	7	1	1/2	1/2	1	1227	Al									
108	106	833	833	2.0	1/2	1/2	Chord	4/2	7	1	1/2	1/2	1	1228	canto.									
108	106	836	836	0.5	5/4	5/4	Chord	4/2	14	1	1/8	1/8	1	1229	Be-									
108	106	1673/2	1673/2	0.5	11/8	11/8	Chord	4/2	14	1	1/8	1/8	1	1230	-lla									
108	106	837	837	1.0	3/2	3/2	Chord	4/2	14	1	1/4	1/4	1	1231	mad-									
108	106	838	838	0.5	7/4	7/4	Chord	4/2	14	1	1/8	1/8	1	1232	-re									
108	106	1677/2	1677/2	0.5	15/8	15/8	Chord	4/2	14	1	1/8	1/8	1	1233	d'a-									
108	106	831	831	2.0	0	0	Chord	4/2	21	1	1/2	1/2	1	1234										
108	106	835	835	0.0	1	1	FiguredBass	4/2	21	1	0											1	#	
108	106	835	835	4.0	1	1	Chord	4/2	21	1	1	1	1	1235										
109	107	839	839	3.0	0	0	Chord	4/2	14	1	3/4	1/2	3/2	1236	-mor									
109	107	842	842	1.0	3/4	3/4	Chord	4/2	14	1	1/4	1/4	1	1237	dall'-									
109	107	843	843	1.0	1	1	Chord	4/2	14	1	1/4	1/4	1	1238	-al-									
109	107	844	844	1.0	5/4	5/4	Chord	4/2	14	1	1/4	1/4	1	1239	-to									
109	107	845	845	2.0	3/2	3/2	Chord	4/2	14	1	1/2	1/2	1	1240	Co-									
109	107	839	839	0.0	0	0	FiguredBass	4/2	21	1	0											3/4	#	
109	107	839	839	3.0	0	0	Chord	4/2	21	1	3/4	1/2	3/2	1241										
109	107	842	842	0.0	3/4	3/4	FiguredBass	4/2	21	1	0											1/4	#	
109	107	842	842	1.0	3/4	3/4	Chord	4/2	21	1	1/4	1/4	1	1242										
109	107	843	843	0.0	1	1	FiguredBass	4/2	21	1	0											1/4	b	
109	107	843	843	1.0	1	1	Chord	4/2	21	1	1/4	1/4	1	1243										
109	107	844	844	1.0	5/4	5/4	Chord	4/2	21	1	1/4	1/4	1	1244										
109	107	845	845	2.0	3/2	3/2	Chord	4/2	21	1	1/2	1/2	1	1245										
110	108	847	847	4.0	0	0	Chord	4/2	14	1	1	1	1	1246	-ro									
110	108	851	851	1.5	1	1	Chord	4/2	14	1	3/8	1/4	3/2	1247	Scen-									
110	108	1705/2	1705/2	0.5	11/8	11/8	Chord	4/2	14	1	1/8	1/8	1	1248	-dia									
110	108	853	853	1.0	3/2	3/2	Chord	4/2	14	1	1/4	1/4	1	1249	nos-									
110	108	854	854	0.5	7/4	7/4	Chord	4/2	14	1	1/8	1/8	1	1250	-tri									
110	108	1709/2	1709/2	0.5	15/8	15/8	Chord	4/2	14	1	1/8	1/8	1	1251	di									
110	108	847	847	4.0	0	0	Chord	4/2	21	1	1	1	1	1252										
110	108	851	851	2.0	1	1	Chord	4/2	21	1	1/2	1/2	1	1253										
110	108	853	853	1.0	3/2	3/2	Chord	4/2	21	1	1/4	1/4	1	1254										
110	108	854	854	1.0	7/4	7/4	Chord	4/2	21	1	1/4	1/4	1	1255										
111	109	855	855	2.0	0	0	Chord	4/2	14	1	1/2	1/2	1	1256	le-									
111	109	857	857	2.0	1/2	1/2	Chord	4/2	14	1	1/2	1/2	1	1257	-tti									
111	109	860	860	0.5	5/4	5/4	Chord	4/2	14	1	1/8	1/8	1	1258	E									
111	109	1721/2	1721/2	0.5	11/8	11/8	Chord	4/2	14	1	1/8	1/8	1	1259	co									
111	109	861	861	1.0	3/2	3/2	Chord	4/2	14	1	1/4	1/4	1	1260	bei									
111	109	862	862	0.5	7/4	7/4	Chord	4/2	14	1	1/8	1/8	1	1261	par-									
111	109	1725/2	1725/2	0.5	15/8	15/8	Chord	4/2	14	1	1/8	1/8	1	1262	-go									
111	109	855	855	2.0	0	0	Chord	4/2	21	1	1/2	1/2	1	1263										
111	109	857	857	2.0	1/2	1/2	Chord	4/2	21	1	1/2	1/2	1	1264										
111	109	859	859	3.0	1	1	Chord	4/2	21	1	3/4	1/2	3/2	1265										
111	109	862	862	0.0	7/4	7/4	FiguredBass	4/2	21	1	0											1/4	#	
111	109	862	862	1.0	7/4	7/4	Chord	4/2	21	1	1/4	1/4	1	1266										
112	110	863	863	2.0	0	0	Chord	4/2	14	1	1/2	1/2	1	1267	le-									
112	110	865	865	2.0	1/2	1/2	Chord	4/2	14	1	1/2	1/2	1	1268	-tti									
112	110	867	867	1.0	1	1	Chord	4/2	14	1	1/4	1/4	1	1269	Fen-									
112	110	868	868	0.5	5/4	5/4	Chord	4/2	14	1	1/8	1/8	1	1270	-di									
112	110	1737/2	1737/2	0.5	11/8	11/8	Chord	4/2	14	1	1/8	1/8	1	1271	le									
112	110	869	869	1.0	3/2	3/2	Chord	4/2	14	1	1/4	1/4	1	1272	nu									
112	110	870	870	1.0	7/4	7/4	Chord	4/2	14	1	1/4	1/4	1	1273	bi'el									
112	110	863	863	2.0	0	0	Chord	4/2	21	1	1/2	1/2	1	1274										
112	110	865	865	2.0	1/2	1/2	Chord	4/2	21	1	1/2	1/2	1	1275										
112	110	867	867	4.0	1	1	Chord	4/2	21	1	1	1	1	1276										
113	111	871	871	3.0	0	0	Chord	4/2	14	1	3/4	1/2	3/2	1277	Ciel									
113	111	874	874	1.0	3/4	3/4	Chord	4/2	14	1	1/4	1/4	1	1278	con									
113	111	875	875	1.0	1	1	Chord	4/2	14	1	1/4	1/4	1	1279	I'									
113	111	876	876	1.0	5/4	5/4	Chord	4/2	14	1	1/4	1/4	1	1280	ali									
113	111	877	877	2.0	3/2	3/2	Chord	4/2	14	1	1/2	1/2	1	1281	d'o-									
113	111	871	871	2.0	0	0	Chord	4/2	21	1	1/2	1/2	1	1282										
113	111	873	873	2.0	1/2	1/2	Chord	4/2	21	1	1/2	1/2	1	1283										
113	111	875	875	0.0	1	1	FiguredBass	4/2	21	1	0											1/4	10	
113	111	875	875	4.0	1	1	Chord	4/2	21	1	1	1	1	1284										
113	111	876	876	0.0	5/4	5/4	FiguredBass	4/2	21	1	0											1/4	11	
113	111	877	877	0.0	3/2	3/2	FiguredBass	4/2	21	1	0											1/4	11	
113	111	878	878	0.0	7/4	7/4	FiguredBass	4/2	21	1	0											1/4	10	
114	112	881	881	2.0	1/2	1/2	Chord	4/2	7	1	1/2	1/2	1	1285	Alcanto									
114	112	883	883	2.0	1	1	Chord	4/2	7	1	1/2	1/2	1	1286	Co-									
114	112	885	885	0.5	3/2	3/2	Chord	4/2	7	1	1/8	1/8	1	1287	-rrin									
114	112	1771/2	1771/2	0.5	13/8	13/8	Chord	4/2	7	1	1/8	1/8	1	1288	di									
114	112	886	886	0.5	7/4	7/4	Chord	4/2	7	1	1/8	1/8	1	1289	pu-									
114	112	1773/2	1773/2	0.5	15/8	15/8	Chord	4/2	7	1	1/8	1/8	1	1290	-ro									
114	112	879	879	2.0	0	0	Chord	4/2	14	1	1/2	1/2	1	1291	-ro									
114	112	879	879	2.0	0	0	Chord	4/2	21	1	1/2	1/2	1	1292										
114	112	883	883	0.0	1	1	FiguredBass	4/2	21	1	0											1	#	
114	112	883	883	4.0	1	1	Chord	4/2	21	1	1	1	1	1293										
115	113	887	887	3.0	0	0	Chord	4/2	7	1	3/4	1/2	3/2	1294	latte,									
115	113	890	890	1.0	3/4	3/4	Chord	4/2	7	1	1/4	1/4	1	1295	e									
115	113	891	891	0.5	1	1	Chord	4/2	7	1	1/8	1/8	1	1296	ri-									
115	113	1783/2	1783/2	0.5	9/8	9/8	Chord	4/2	7	1	1/8	1/8	1	1297										
115	113	892	892	0.5	5/4	5/4	Chord	4/2	7	1	1/8	1/8	1	1298										
115	113	1785/2	1785/2	0.5	11/8	11/8	Chord	4/2	7	1	1/8	1/8	1	1299										
115	113	893	893	0.5	3/2	3/2	Chord	4/2	7	1	1/8	1/8	1	1300	-vi,-									
115	113	1787/2	1787/2	0.5	13/8	13/8	Chord	4/2	7	1	1/8	1/8	1	1301	-e									
115	113	894	894	0.5	7/4	7/4	Chord	4/2	7	1	1/8	1/8	1	1302										
115	113	1789/2	1789/2	0.5	15/8	15/8	Chord	4/2	7	1	1/8	1/8	1	1303										
115	113	887	887	0.0	0	0	FiguredBass	4/2	21	1	0											1	#	
115	113	887	887	4.0	0	0	Chord	4/2	21	1	1	1	1	1304										
115	113	891	891	0.0	1	1	FiguredBass	4/2	21	1	0											1/2	b	
115	113	891	891	2.0	1	1	Chord	4/2	21	1	1/2	1/2	1	1305										
115	113	893	893	2.0	3/2	3/2	Chord	4/2	21	1	1/2	1/2	1	1306										
116	114	895	895	1.0	0	0	Chord	4/2	7	1	1/4	1/4	1	1307										
116	114	896	896	0.5	1/4	1/4	Chord	4/2	7	1	1/8	1/8	1	1308	fiu									
116	114	1793/2	1793/2	0.5	3/8	3/8	Chord	4/2	7	1	1/8	1/8	1	1309										
116	114	897	897	1.5	1/2	1/2	Chord	4/2	7	1	3/8	1/4	3/2	1310										
116	114	1797/2	1797/2	0.5	7/8	7/8	Chord	4/2	7	1	1/8	1/8	1	1311										
116	114	899	899	2.0	1	1	Chord	4/2	7	1	1/2	1/2	1	1312	mi									
116	114	902	902	1.0	7/4	7/4	Chord	4/2	7	1	1/4	1/4	1	1313	Di									
116	114	895	895	4.0	0	0	Chord	4/2	21	1	1	1	1	1314										
116	114	899	899	4.0	1	1	Chord	4/2	21	1	1	1	1	1315										
117	115	903	903	1.5	0	0	Chord	4/2	7	1	3/8	1/4	3/2	1316	mel									
117	115	1809/2	1809/2	0.5	3/8	3/8	Chord	4/2	7	1	1/8	1/8	1	1317	dis-									
117	115	905	905	1.0	1/2	1/2	Chord	4/2	7	1	1/4	1/4	1	1318	-ti-									
117	115	906	906	1.0	3/4	3/4	Chord	4/2	7	1	1/4	1/4	1	1319	-lli,e									
117	115	907	907	2.0	1	1	Chord	4/2	7	1	1/2	1/2	1	1320	ma-									
117	115	909	909	2.0	3/2	3/2	Chord	4/2	7	1	1/2	1/2	1	1321	-nna									
117	115	903	903	2.0	0	0	Chord	4/2	21	1	1/2	1/2	1	1322										
117	115	905	905	2.0	1/2	1/2	Chord	4/2	21	1	1/2	1/2	1	1323										
117	115	907	907	2.0	1	1	Chord	4/2	21	1	1/2	1/2	1	1324										
117	115	909	909	2.0	3/2	3/2	Chord	4/2	21	1	1/2	1/2	1	1325										
118	116	911	911	1.0	0	0	Chord	4/2	7	1	1/4	1/4	1	1326	Og-									
118	116	912	912	0.5	1/4	1/4	Chord	4/2	7	1	1/8	1/8	1	1327	-ni									
118	116	1825/2	1825/2	0.5	3/8	3/8	Chord	4/2	7	1	1/8	1/8	1	1328	se-									
118	116	913	913	1.5	1/2	1/2	Chord	4/2	7	1	3/8	1/4	3/2	1329	-lva-									
118	116	1829/2	1829/2	0.5	7/8	7/8	Chord	4/2	7	1	1/8	1/8	1	1330	-ggia									
118	116	915	915	2.0	1	1	Chord	4/2	7	1	1/2	1/2	1	1331	ca-									
118	116	917	917	1.0	3/2	3/2	Chord	4/2	7	1	1/4	1/4	1	1332	-nna									
118	116	918	918	1.0	7/4	7/4	Chord	4/2	7	1	1/4	1/4	1	1333	Ver-									
118	116	911	911	1.0	0	0	Chord	4/2	21	1	1/4	1/4	1	1334										
118	116	912	912	0.0	1/4	1/4	FiguredBass	4/2	21	1	0											1/4	6	
118	116	912	912	1.0	1/4	1/4	Chord	4/2	21	1	1/4	1/4	1	1335										
118	116	913	913	0.0	1/2	1/2	FiguredBass	4/2	21	1	0											1/4	6	
118	116	913	913	1.0	1/2	1/2	Chord	4/2	21	1	1/4	1/4	1	1336										
118	116	914	914	1.0	3/4	3/4	Chord	4/2	21	1	1/4	1/4	1	1337										
118	116	915	915	4.0	1	1	Chord	4/2	21	1	1	1	1	1338										
119	117	919	919	1.0	0	0	Chord	4/2	7	1	1/4	1/4	1	1339	-sate									
119	117	920	920	1.0	1/4	1/4	Chord	4/2	7	1	1/4	1/4	1	1340	am-									
119	117	921	921	2.0	1/2	1/2	Chord	4/2	7	1	1/2	1/2	1	1341	-bro-									
119	117	923	923	3.0	1	1	Chord	4/2	7	1	3/4	1/2	3/2	1342	-sia									
119	117	926	926	1.0	7/4	7/4	Chord	4/2	7	1	1/4	1/4	1	1343	E									
119	117	919	919	4.0	0	0	Chord	4/2	21	1	1	1	1	1344										
119	117	923	923	4.0	1	1	Chord	4/2	21	1	1	1	1	1345										
120	118	927	927	1.5	0	0	Chord	4/2	7	1	3/8	1/4	3/2	1346	voi									
120	118	1857/2	1857/2	0.5	3/8	3/8	Chord	4/2	7	1	1/8	1/8	1	1347	ce-									
120	118	929	929	2.0	1/2	1/2	Chord	4/2	7	1	1/2	1/2	1	1348	-le-									
120	118	931	931	1.0	1	1	Chord	4/2	7	1	1/4	1/4	1	1349										
120	118	932	932	1.0	5/4	5/4	Chord	4/2	7	1	1/4	1/4	1	1350	sti									
120	118	933	933	2.0	3/2	3/2	Chord	4/2	7	1	1/2	1/2	1	1351	Nu-									
120	118	927	927	2.0	0	0	Chord	4/2	21	1	1/2	1/2	1	1352										
120	118	929	929	2.0	1/2	1/2	Chord	4/2	21	1	1/2	1/2	1	1353										
120	118	931	931	0.0	1	1	FiguredBass	4/2	21	1	0											1/4	10	
120	118	931	931	2.0	1	1	Chord	4/2	21	1	1/2	1/2	1	1354										
120	118	932	932	0.0	5/4	5/4	FiguredBass	4/2	21	1	0											1/4	11	
120	118	933	933	0.0	3/2	3/2	FiguredBass	4/2	21	1	0											1/4	11	
120	118	933	933	2.0	3/2	3/2	Chord	4/2	21	1	1/2	1/2	1	1355										
120	118	934	934	0.0	7/4	7/4	FiguredBass	4/2	21	1	0											1/4	10	
121	119	935	935	2.0	0	0	Chord	2/2	7	1	1/2	1/2	1	1356	-mi									
121	119	937	937	2.0	1/2	1/2	Chord	2/2	7	1	1/2	1/2	1	1357	Alcanto.									
121	119	935	935	2.0	0	0	Chord	2/2	21	1	1/2	1/2	1	1358										
