mc	mn	quarterbeats	quarterbeats_all_endings	duration_qb	mc_onset	mn_onset	timesig	staff	voice	label	alt_label	globalkey	localkey	pedal	chord	numeral	form	figbass	changes	relativeroot	cadence	phraseend	chord_type	globalkey_is_minor	localkey_is_minor	chord_tones	added_tones	root	bass_note
2	1	8	8	12.0	0	0	4/2	13	1	D.I{		D	I		I	I						{	M	0	0	0, 4, 1		0	0
3	2	20	20	4.0	1	1	4/2	13	1	IV		D	I		IV	IV							M	0	0	-1, 3, 0		-1	-1
4	3	24	24	4.0	0	0	4/2	13	1	V}		D	I		V	V						}	M	0	0	1, 5, 2		1	1
4	3	28	28	6.0	1	1	4/2	13	1	I|IAC		D	I		I	I					IAC		M	0	0	0, 4, 1		0	0
5	4	32	32	0.0	0	0	4/2	13	1	{		D	I									{		0	0				
5	4	34	34	2.0	1/2	1/2	4/2	13	1	IV		D	I		IV	IV							M	0	0	-1, 3, 0		-1	-1
5	4	36	36	4.0	1	1	4/2	13	1	I		D	I		I	I							M	0	0	0, 4, 1		0	0
6	5	40	40	2.0	0	0	4/2	13	1	IV		D	I		IV	IV							M	0	0	-1, 3, 0		-1	-1
6	5	42	42	2.0	1/2	1/2	4/2	13	1	I		D	I		I	I							M	0	0	0, 4, 1		0	0
6	5	44	44	2.0	1	1	4/2	13	1	V6		D	I		V6	V		6					M	0	0	5, 2, 1		1	5
6	5	46	46	2.0	3/2	3/2	4/2	13	1	I		D	I		I	I							M	0	0	0, 4, 1		0	0
7	6	48	48	2.0	0	0	4/2	13	1	V(4)}		D	I		V(4)	V			4			}	M	0	0	1, 0, 2		1	1
7	6	50	50	2.0	1/2	1/2	4/2	13	1	V		D	I		V	V							M	0	0	1, 5, 2		1	1
7	6	52	52	8.0	1	1	4/2	13	1	I|PAC		D	I		I	I					PAC		M	0	0	0, 4, 1		0	0
8	7	60	60	20.0	1	1	4/2	13	1	IV.I{		D	IV		I	I						{	M	0	0	0, 4, 1		0	0
11	10	80	80	6.0	0	0	4/2	13	1	V		D	IV		V	V							M	0	0	1, 5, 2		1	1
11	10	86	86	1.0	3/2	3/2	4/2	13	1	vi		D	IV		vi	vi							m	0	0	3, 0, 4		3	3
11	10	87	87	1.0	7/4	7/4	4/2	13	1	viio6/V		D	IV		viio6/V	vii	o	6		V			o	0	0	3, 0, 6		6	3
12	11	88	88	8.0	0	0	4/2	13	1	V|HC}		D	IV		V	V					HC	}	M	0	0	1, 5, 2		1	1
12	11	92	92	0.0	1	1	4/2	13	1	{		D	IV									{		0	0				
13	12	96	96	4.0	0	0	4/2	13	1	I		D	IV		I	I							M	0	0	0, 4, 1		0	0
13	12	100	100	4.0	1	1	4/2	13	1	iv		D	IV		iv	iv							m	0	0	-1, -4, 0		-1	-1
14	13	104	104	4.0	0	0	4/2	13	1	i		D	IV		i	i							m	0	0	0, -3, 1		0	0
14	13	108	108	4.0	1	1	4/2	13	1	V		D	IV		V	V							M	0	0	1, 5, 2		1	1
15	14	112	112	4.0	0	0	4/2	13	1	I|PAC}		D	IV		I	I					PAC	}	M	0	0	0, 4, 1		0	0
15	14	116	116	8.0	1	1	4/2	13	1	bIII.V{		D	bIII		V	V						{	M	0	0	1, 5, 2		1	1
16	15	124	124	4.0	1	1	4/2	13	1	I		D	bIII		I	I							M	0	0	0, 4, 1		0	0
17	16	128	128	4.0	0	0	4/2	13	1	IV		D	bIII		IV	IV							M	0	0	-1, 3, 0		-1	-1
17	16	132	132	4.0	1	1	4/2	13	1	I		D	bIII		I	I							M	0	0	0, 4, 1		0	0
18	17	136	136	6.0	0	0	4/2	13	1	V		D	bIII		V	V							M	0	0	1, 5, 2		1	1
18	17	142	142	2.0	3/2	3/2	4/2	13	1	ii		D	bIII		ii	ii							m	0	0	2, -1, 3		2	2
19	18	144	144	2.0	0	0	4/2	13	1	V/ii		D	bIII		V/ii	V				ii			M	0	0	3, 7, 4		3	3
19	18	146	146	2.0	1/2	1/2	4/2	13	1	i6/ii		D	bIII		i6/ii	i		6		ii			m	0	0	-1, 3, 2		2	-1
19	18	148	148	2.0	1	1	4/2	13	1	iio6/ii		D	bIII		iio6/ii	ii	o	6		ii			o	0	0	1, -2, 4		4	1
19	18	150	150	1.0	3/2	3/2	4/2	13	1	V(4)/ii		D	bIII		V(4)/ii	V			4	ii			M	0	0	3, 2, 4		3	3
19	18	151	151	1.0	7/4	7/4	4/2	13	1	V/ii		D	bIII		V/ii	V				ii			M	0	0	3, 7, 4		3	3
20	19	152	152	4.0	0	0	4/2	13	1	I/ii|PAC}		D	bIII		I/ii	I				ii	PAC	}	M	0	0	2, 6, 3		2	2
20	19	155	155	0.0	3/4	3/4	4/2	13	1	{		D	bIII									{		0	0				
20	19	156	156	4.0	1	1	4/2	13	1	V		D	bIII		V	V							M	0	0	1, 5, 2		1	1
21	20	160	160	4.0	0	0	4/2	13	1	I		D	bIII		I	I							M	0	0	0, 4, 1		0	0
21	20	164	164	10.0	1	1	4/2	13	1	IV/IV		D	bIII		IV/IV	IV				IV			M	0	0	-2, 2, -1		-2	-2
22	21	174	174	2.0	3/2	3/2	4/2	13	1	ii6/IV		D	bIII		ii6/IV	ii		6		IV			m	0	0	-2, 2, 1		1	-2
23	22	176	176	14.0	0	0	4/2	13	1	V/IV		D	bIII		V/IV	V				IV			M	0	0	0, 4, 1		0	0
24	23	190	190	1.0	3/2	3/2	4/2	13	1	I6(7)/IV		D	bIII		I6(7)/IV	I		6	7	IV			M	0	0	3, 0, 4		-1	3
24	23	191	191	1.0	7/4	7/4	4/2	13	1	I6/IV		D	bIII		I6/IV	I		6		IV			M	0	0	3, 0, -1		-1	3
25	24	192	192	2.0	0	0	4/2	13	1	V6/V/IV		D	bIII		V6/V/IV	V		6		V/IV			M	0	0	5, 2, 1		1	5
25	24	194	194	2.0	1/2	1/2	4/2	13	1	V/IV		D	bIII		V/IV	V				IV			M	0	0	0, 4, 1		0	0
25	24	196	196	6.0	1	1	4/2	13	1	I/IV		D	bIII		I/IV	I				IV			M	0	0	-1, 3, 0		-1	-1
26	25	202	202	1.0	1/2	1/2	4/2	13	1	V(6)		D	bIII		V(6)	V			6				M	0	0	1, 5, 4		1	1
26	25	203	203	1.0	3/4	3/4	4/2	13	1	V		D	bIII		V	V							M	0	0	1, 5, 2		1	1
26	25	204	204	4.0	1	1	4/2	13	1	I		D	bIII		I	I							M	0	0	0, 4, 1		0	0
27	26	208	208	4.0	0	0	4/2	13	1	IV		D	bIII		IV	IV							M	0	0	-1, 3, 0		-1	-1
27	26	212	212	0.5	1	1	4/2	13	1	V/ii		D	bIII		V/ii	V				ii			M	0	0	3, 7, 4		3	3
27	26	425/2	425/2	1.5	9/8	9/8	4/2	13	1	V(64)/ii		D	bIII		V(64)/ii	V			64	ii			M	0	0	3, 2, -1		3	3
27	26	214	214	0.5	3/2	3/2	4/2	13	1	V(4)/ii		D	bIII		V(4)/ii	V			4	ii			M	0	0	3, 2, 4		3	3
27	26	429/2	429/2	1.5	13/8	13/8	4/2	13	1	V/ii		D	bIII		V/ii	V				ii			M	0	0	3, 7, 4		3	3
28	27	216	216	8.0	0	0	4/2	13	1	I/ii|PAC}		D	bIII		I/ii	I				ii	PAC	}	M	0	0	2, 6, 3		2	2
28	27	220	220	0.0	1	1	4/2	13	1	{		D	bIII									{		0	0				
29	28	224	224	4.0	0	0	4/2	13	1	V		D	bIII		V	V							M	0	0	1, 5, 2		1	1
29	28	228	228	4.0	1	1	4/2	13	1	I		D	bIII		I	I							M	0	0	0, 4, 1		0	0
30	29	232	232	2.0	0	0	4/2	13	1	I6		D	bIII		I6	I		6					M	0	0	4, 1, 0		0	4
30	29	234	234	1.0	1/2	1/2	4/2	13	1	IV		D	bIII		IV	IV							M	0	0	-1, 3, 0		-1	-1
30	29	235	235	1.0	3/4	3/4	4/2	13	1	ii6		D	bIII		ii6	ii		6					m	0	0	-1, 3, 2		2	-1
30	29	236	236	2.0	1	1	4/2	13	1	V(4)		D	bIII		V(4)	V			4				M	0	0	1, 0, 2		1	1
30	29	238	238	2.0	3/2	3/2	4/2	13	1	V		D	bIII		V	V							M	0	0	1, 5, 2		1	1
31	30	240	240	12.0	0	0	4/2	13	1	I|PAC}		D	bIII		I	I					PAC	}	M	0	0	0, 4, 1		0	0
31	30	244	244	0.0	1	1	4/2	13	1	{		D	bIII									{		0	0				
32	31	252	252	2.0	1	1	4/2	13	1	IV		D	bIII		IV	IV							M	0	0	-1, 3, 0		-1	-1
32	31	254	254	2.0	3/2	3/2	4/2	13	1	ii		D	bIII		ii	ii							m	0	0	2, -1, 3		2	2
33	32	256	256	4.0	0	0	4/2	13	1	V/ii|HC}		D	bIII		V/ii	V				ii	HC	}	M	0	0	3, 7, 4		3	3
33	32	260	260	4.0	1	1	4/2	13	1	I/V{		D	bIII		I/V	I				V		{	M	0	0	1, 5, 2		1	1
34	33	264	264	4.0	0	0	4/2	13	1	V/V		D	bIII		V/V	V				V			M	0	0	2, 6, 3		2	2
34	33	268	268	2.0	1	1	4/2	13	1	V		D	bIII		V	V							M	0	0	1, 5, 2		1	1
34	33	270	270	2.0	3/2	3/2	4/2	13	1	I		D	bIII		I	I							M	0	0	0, 4, 1		0	0
35	34	272	272	2.0	0	0	4/2	13	1	IV/IV		D	bIII		IV/IV	IV				IV			M	0	0	-2, 2, -1		-2	-2
35	34	274	274	2.0	1/2	1/2	4/2	13	1	V/IV		D	bIII		V/IV	V				IV			M	0	0	0, 4, 1		0	0
35	34	276	276	6.0	1	1	4/2	13	1	V/V/IV		D	bIII		V/V/IV	V				V/IV			M	0	0	1, 5, 2		1	1
36	35	282	282	2.0	1/2	1/2	4/2	13	1	V/IV		D	bIII		V/IV	V				IV			M	0	0	0, 4, 1		0	0
36	35	284	284	4.0	1	1	4/2	13	1	I/IV		D	bIII		I/IV	I				IV			M	0	0	-1, 3, 0		-1	-1
37	36	288	288	2.0	0	0	4/2	13	1	V		D	bIII		V	V							M	0	0	1, 5, 2		1	1
37	36	290	290	2.0	1/2	1/2	4/2	13	1	I		D	bIII		I	I							M	0	0	0, 4, 1		0	0
37	36	292	292	2.0	1	1	4/2	13	1	V(4)		D	bIII		V(4)	V			4				M	0	0	1, 0, 2		1	1
37	36	294	294	2.0	3/2	3/2	4/2	13	1	V		D	bIII		V	V							M	0	0	1, 5, 2		1	1
38	37	296	296	8.0	0	0	4/2	13	1	I|PAC}		D	bIII		I	I					PAC	}	M	0	0	0, 4, 1		0	0
39	38	304	304	12.0	0	0	4/2	13	1	iv.i{		D	iv		i	i						{	m	0	1	0, -3, 1		0	0
40	39	316	316	4.0	1	1	4/2	13	1	i(+7)		D	iv		i(+7)	i			+7				m	0	1	0, -3, 1	-2	0	0
41	40	320	320	20.0	0	0	4/2	13	1	i		D	iv		i	i							m	0	1	0, -3, 1		0	0
43	42	340	340	2.0	1	1	4/2	13	1	V43		D	iv		V43	V		43					Mm7	0	1	2, -1, 1, 5		1	2
43	42	342	342	6.0	3/2	3/2	4/2	13	1	I		D	iv		I	I							M	0	1	0, 4, 1		0	0
44	43	344	344	0.0	0	0	4/2	13	1	}		D	iv									}		0	1				
44	43	348	348	6.0	1	1	4/2	13	1	i{		D	iv		i	i						{	m	0	1	0, -3, 1		0	0
45	44	354	354	2.0	1/2	1/2	4/2	13	1	#viio6		D	iv		#viio6	#vii	o	6					o	0	1	2, -1, 5		5	2
45	44	356	356	2.0	1	1	4/2	13	1	i(94)		D	iv		i(94)	i			94				m	0	1	0, -1, 1	2	0	0
45	44	358	358	9.0	3/2	3/2	4/2	13	1	i		D	iv		i	i							m	0	1	0, -3, 1		0	0
46	45	367	367	1.0	7/4	7/4	4/2	13	1	#viio6(+2)		D	iv		#viio6(+2)	#vii	o	6	+2				o	0	1	2, -1, 5	0	5	2
47	46	368	368	2.0	0	0	4/2	13	1	I(4)		D	iv		I(4)	I			4				M	0	1	0, -1, 1		0	0
47	46	370	370	2.0	1/2	1/2	4/2	13	1	I		D	iv		I	I							M	0	1	0, 4, 1		0	0
47	46	372	372	8.0	1	1	4/2	13	1	i		D	iv		i	i							m	0	1	0, -3, 1		0	0
48	47	380	380	4.0	1	1	4/2	13	1	i(+9+#7)		D	iv		i(+9+#7)	i			+9+#7				m	0	1	0, -3, 1	2, 5	0	0
49	48	384	384	6.0	0	0	4/2	13	1	V		D	iv		V	V							M	0	1	1, 5, 2		1	1
49	48	390	390	2.0	3/2	3/2	4/2	13	1	iio6		D	iv		iio6	ii	o	6					o	0	1	-1, -4, 2		2	-1
50	49	392	392	1.0	0	0	4/2	13	1	V(4)}		D	iv		V(4)	V			4			}	M	0	1	1, 0, 2		1	1
50	49	393	393	1.0	1/4	1/4	4/2	13	1	V		D	iv		V	V							M	0	1	1, 5, 2		1	1
50	49	394	394	2.0	1/2	1/2	4/2	13	1	I|PAC		D	iv		I	I					PAC		M	0	1	0, 4, 1		0	0
50	49	396	396	4.0	1	1	4/2	13	1	i{		D	iv		i	i						{	m	0	1	0, -3, 1		0	0
51	50	400	400	4.0	0	0	4/2	13	1	V		D	iv		V	V							M	0	1	1, 5, 2		1	1
51	50	404	404	4.0	1	1	4/2	13	1	V7		D	iv		V7	V		7					Mm7	0	1	1, 5, 2, -1		1	1
52	51	408	408	10.0	0	0	4/2	13	1	V		D	iv		V	V							M	0	1	1, 5, 2		1	1
53	52	418	418	2.0	1/2	1/2	4/2	13	1	V(6)		D	iv		V(6)	V			6				M	0	1	1, 5, -3		1	1
53	52	420	420	4.0	1	1	4/2	13	1	iio6		D	iv		iio6	ii	o	6					o	0	1	-1, -4, 2		2	-1
54	53	424	424	10.0	0	0	4/2	13	1	V		D	iv		V	V							M	0	1	1, 5, 2		1	1
55	54	434	434	1.0	1/2	1/2	4/2	13	1	viio6(2)/V		D	iv		viio6(2)/V	vii	o	6	2	V			o	0	1	3, 0, 1		6	3
55	54	435	435	1.0	3/4	3/4	4/2	13	1	viio6/V		D	iv		viio6/V	vii	o	6		V			o	0	1	3, 0, 6		6	3
55	54	436	436	8.0	1	1	4/2	13	1	V		D	iv		V	V							M	0	1	1, 5, 2		1	1
56	55	444	444	1.0	1	1	4/2	13	1	V		D	iv		V	V							M	0	1	1, 5, 2		1	1
56	55	445	445	2.0	5/4	5/4	4/2	13	1	V(4)		D	iv		V(4)	V			4				M	0	1	1, 0, 2		1	1
56	55	447	447	1.0	7/4	7/4	4/2	13	1	V		D	iv		V	V							M	0	1	1, 5, 2		1	1
57	56	448	448	8.0	0	0	4/2	13	1	I|PAC}		D	iv		I	I					PAC	}	M	0	1	0, 4, 1		0	0
57	56	452	452	0.0	1	1	4/2	13	1	{		D	iv									{		0	1				
58	57	456	456	4.0	0	0	4/2	13	1	V/ii		D	iv		V/ii	V				ii			M	0	1	3, 7, 4		3	3
58	57	460	460	4.0	1	1	4/2	13	1	ii		D	iv		ii	ii							m	0	1	2, -1, 3		2	2
59	58	464	464	8.0	0	0	4/2	13	1	V7		D	iv		V7	V		7					Mm7	0	1	1, 5, 2, -1		1	1
60	59	472	472	2.0	0	0	4/2	13	1	V(6)		D	iv		V(6)	V			6				M	0	1	1, 5, -3		1	1
60	59	474	474	2.0	1/2	1/2	4/2	13	1	V		D	iv		V	V							M	0	1	1, 5, 2		1	1
60	59	476	476	8.0	1	1	4/2	13	1	i		D	iv		i	i							m	0	1	0, -3, 1		0	0
61	60	484	484	4.0	1	1	4/2	13	1	V(b9)/v		D	iv		V(b9)/v	V			b9	v			M	0	1	2, 6, 3	-10	2	2
62	61	488	488	2.0	0	0	4/2	13	1	I/v}		D	iv		I/v	I				v		}	M	0	1	1, 5, 2		1	1
62	61	490	490	2.0	1/2	1/2	4/2	13	1	i/v{		D	iv		i/v	i				v		{	m	0	1	1, -2, 2		1	1
62	61	492	492	2.0	1	1	4/2	13	1	V(4)/v		D	iv		V(4)/v	V			4	v			M	0	1	2, 1, 3		2	2
62	61	494	494	2.0	3/2	3/2	4/2	13	1	V/v		D	iv		V/v	V				v			M	0	1	2, 6, 3		2	2
63	62	496	496	4.0	0	0	4/2	13	1	i6/v		D	iv		i6/v	i		6		v			m	0	1	-2, 2, 1		1	-2
63	62	500	500	4.0	1	1	4/2	13	1	V7/ii		D	iv		V7/ii	V		7		ii			Mm7	0	1	3, 7, 4, 1		3	3
64	63	504	504	12.0	0	0	4/2	13	1	V/ii		D	iv		V/ii	V				ii			M	0	1	3, 7, 4		3	3
65	64	516	516	4.0	1	1	4/2	13	1	ii		D	iv		ii	ii							m	0	1	2, -1, 3		2	2
66	65	520	520	1.0	0	0	4/2	13	1	V		D	iv		V	V							M	0	1	1, 5, 2		1	1
66	65	521	521	2.0	1/4	1/4	4/2	13	1	V(4)		D	iv		V(4)	V			4				M	0	1	1, 0, 2		1	1
66	65	523	523	1.0	3/4	3/4	4/2	13	1	V		D	iv		V	V							M	0	1	1, 5, 2		1	1
66	65	524	524	4.0	1	1	4/2	13	1	I		D	iv		I	I							M	0	1	0, 4, 1		0	0
67	66	528	528	1.0	0	0	4/2	13	1	V(4)		D	iv		V(4)	V			4				M	0	1	1, 0, 2		1	1
67	66	529	529	1.0	1/4	1/4	4/2	13	1	V		D	iv		V	V							M	0	1	1, 5, 2		1	1
67	66	530	530	2.0	1/2	1/2	4/2	13	1	v		D	iv		v	v							m	0	1	1, -2, 2		1	1
67	66	532	532	1.0	1	1	4/2	13	1	V6/v		D	iv		V6/v	V		6		v			M	0	1	6, 3, 2		2	6
67	66	533	533	2.0	5/4	5/4	4/2	13	1	V(4)/v		D	iv		V(4)/v	V			4	v			M	0	1	2, 1, 3		2	2
67	66	535	535	1.0	7/4	7/4	4/2	13	1	V/v		D	iv		V/v	V				v			M	0	1	2, 6, 3		2	2
68	67	536	536	6.0	0	0	4/2	13	1	I/V|PAC}		D	iv		I/V	I				V	PAC	}	M	0	1	1, 5, 2		1	1
68	67	539	539	0.0	3/4	3/4	4/2	13	1	{		D	iv									{		0	1				
68	67	542	542	2.0	3/2	3/2	4/2	13	1	I(4)/V		D	iv		I(4)/V	I			4	V			M	0	1	1, 0, 2		1	1
69	68	544	544	4.0	0	0	4/2	13	1	I/V		D	iv		I/V	I				V			M	0	1	1, 5, 2		1	1
69	68	548	548	6.0	1	1	4/2	13	1	i		D	iv		i	i							m	0	1	0, -3, 1		0	0
70	69	554	554	1.0	1/2	1/2	4/2	13	1	viio65(2)/V		D	iv		viio65(2)/V	vii	o	65	2	V			o7	0	1	3, 0, -3, 1		6	3
70	69	555	555	1.0	3/4	3/4	4/2	13	1	viio65(^6)/V		D	iv		viio65(^6)/V	vii	o	65	^6	V			o7	0	1	3, 0, 2, 6		6	3
70	69	556	556	5.0	1	1	4/2	13	1	V		D	iv		V	V							M	0	1	1, 5, 2		1	1
71	70	561	561	2.0	1/4	1/4	4/2	13	1	V7(4)		D	iv		V7(4)	V		7	4				Mm7	0	1	1, 0, 2, -1		1	1
71	70	563	563	1.0	3/4	3/4	4/2	13	1	V		D	iv		V	V							M	0	1	1, 5, 2		1	1
71	70	564	564	6.0	1	1	4/2	13	1	i		D	iv		i	i							m	0	1	0, -3, 1		0	0
72	71	570	570	2.0	1/2	1/2	4/2	13	1	iv6		D	iv		iv6	iv		6					m	0	1	-4, 0, -1		-1	-4
72	71	572	572	1.0	1	1	4/2	13	1	V7		D	iv		V7	V		7					Mm7	0	1	1, 5, 2, -1		1	1
72	71	573	573	1.0	5/4	5/4	4/2	13	1	V(64)		D	iv		V(64)	V			64				M	0	1	1, 0, -3		1	1
72	71	574	574	1.0	3/2	3/2	4/2	13	1	V(4)		D	iv		V(4)	V			4				M	0	1	1, 0, 2		1	1
72	71	575	575	1.0	7/4	7/4	4/2	13	1	V		D	iv		V	V							M	0	1	1, 5, 2		1	1
73	72	576	576	4.0	0	0	4/2	13	1	I|PAC}		D	iv		I	I					PAC	}	M	0	1	0, 4, 1		0	0
73	72	580	580	6.0	1	1	4/2	13	1	V{		D	iv		V	V						{	M	0	1	1, 5, 2		1	1
74	73	586	586	1.0	1/2	1/2	4/2	13	1	viio6(2)/V		D	iv		viio6(2)/V	vii	o	6	2	V			o	0	1	3, 0, 1		6	3
74	73	587	587	1.0	3/4	3/4	4/2	13	1	viio6/V		D	iv		viio6/V	vii	o	6		V			o	0	1	3, 0, 6		6	3
74	73	588	588	9.0	1	1	4/2	13	1	V		D	iv		V	V							M	0	1	1, 5, 2		1	1
75	74	597	597	2.0	5/4	5/4	4/2	13	1	V(4)		D	iv		V(4)	V			4				M	0	1	1, 0, 2		1	1
75	74	599	599	1.0	7/4	7/4	4/2	13	1	V		D	iv		V	V							M	0	1	1, 5, 2		1	1
76	75	600	600	12.0	0	0	4/2	13	1	I|PAC}		D	iv		I	I					PAC	}	M	0	1	0, 4, 1		0	0
76	75	604	604	0.0	1	1	4/2	13	1	{		D	iv									{		0	1				
77	76	612	612	2.0	1	1	4/2	13	1	I/IV		D	iv		I/IV	I				IV			M	0	1	-1, 3, 0		-1	-1
77	76	614	614	2.0	3/2	3/2	4/2	13	1	I(64)/IV		D	iv		I(64)/IV	I			64	IV			M	0	1	-1, -2, 2		-1	-1
78	77	616	616	6.0	0	0	4/2	13	1	I/IV		D	iv		I/IV	I				IV			M	0	1	-1, 3, 0		-1	-1
78	77	622	622	2.0	3/2	3/2	4/2	13	1	i		D	iv		i	i							m	0	1	0, -3, 1		0	0
79	78	624	624	6.0	0	0	4/2	13	1	V		D	iv		V	V							M	0	1	1, 5, 2		1	1
79	78	630	630	2.0	3/2	3/2	4/2	13	1	ii6/ii		D	iv		ii6/ii	ii		6		ii			m	0	1	1, 5, 4		4	1
80	79	632	632	4.0	0	0	4/2	13	1	V/ii		D	iv		V/ii	V				ii			M	0	1	3, 7, 4		3	3
80	79	636	636	2.0	1	1	4/2	13	1	IV7		D	iv		IV7	IV		7					Mm7	0	1	-1, 3, 0, -3		-1	-1
80	79	638	638	1.0	3/2	3/2	4/2	13	1	I6(11)		D	iv		I6(11)	I		6	11				M	0	1	4, 1, 0	-1	0	4
80	79	639	639	1.0	7/4	7/4	4/2	13	1	I6		D	iv		I6	I		6					M	0	1	4, 1, 0		0	4
81	80	640	640	2.0	0	0	4/2	13	1	I/IV}		D	iv		I/IV	I				IV		}	M	0	1	-1, 3, 0		-1	-1
81	80	642	642	2.0	1/2	1/2	4/2	13	1	I(4)/IV		D	iv		I(4)/IV	I			4	IV			M	0	1	-1, -2, 0		-1	-1
81	80	644	644	2.0	1	1	4/2	13	1	I/IV|IAC		D	iv		I/IV	I				IV	IAC		M	0	1	-1, 3, 0		-1	-1
81	80	646	646	2.0	3/2	3/2	4/2	13	1	i{		D	iv		i	i						{	m	0	1	0, -3, 1		0	0
82	81	648	648	4.0	0	0	4/2	13	1	V		D	iv		V	V							M	0	1	1, 5, 2		1	1
82	81	652	652	2.0	1	1	4/2	13	1	i		D	iv		i	i							m	0	1	0, -3, 1		0	0
82	81	654	654	6.0	3/2	3/2	4/2	13	1	i(+9+#7)		D	iv		i(+9+#7)	i			+9+#7				m	0	1	0, -3, 1	2, 5	0	0
83	82	660	660	2.0	1	1	4/2	13	1	V		D	iv		V	V							M	0	1	1, 5, 2		1	1
83	82	662	662	4.0	3/2	3/2	4/2	13	1	i		D	iv		i	i							m	0	1	0, -3, 1		0	0
84	83	666	666	2.0	1/2	1/2	4/2	13	1	iv6		D	iv		iv6	iv		6					m	0	1	-4, 0, -1		-1	-4
84	83	668	668	6.0	1	1	4/2	13	1	V/ii		D	iv		V/ii	V				ii			M	0	1	3, 7, 4		3	3
85	84	674	674	2.0	1/2	1/2	4/2	13	1	IV(+6)/ii		D	iv		IV(+6)/ii	IV			+6	ii			M	0	1	1, 5, 2	4	1	1
85	84	676	676	2.0	1	1	4/2	13	1	V(4)/ii		D	iv		V(4)/ii	V			4	ii			M	0	1	3, 2, 4		3	3
85	84	678	678	1.0	3/2	3/2	4/2	13	1	V/ii		D	iv		V/ii	V				ii			M	0	1	3, 7, 4		3	3
85	84	679	679	1.0	7/4	7/4	4/2	13	1	V(^2)/ii		D	iv		V(^2)/ii	V			^2	ii			M	0	1	3, -2, 4		3	3
86	85	680	680	4.0	0	0	4/2	13	1	V/ii|HC}		D	iv		V/ii	V				ii	HC	}	M	0	1	3, 7, 4		3	3
86	85	682	682	0.0	1/2	1/2	4/2	13	1	{		D	iv									{		0	1				
86	85	684	684	2.0	1	1	4/2	13	1	V7/ii		D	iv		V7/ii	V		7		ii			Mm7	0	1	3, 7, 4, 1		3	3
86	85	686	686	4.0	3/2	3/2	4/2	13	1	IV/ii	IV7/ii	D	iv		IV/ii	IV				ii			M	0	1	1, 5, 2		1	1
87	86	690	690	2.0	1/2	1/2	4/2	13	1	iv6/ii		D	iv		iv6/ii	iv		6		ii			m	0	1	-2, 2, 1		1	-2
87	86	692	692	2.0	1	1	4/2	13	1	V(64)/ii		D	iv		V(64)/ii	V			64	ii			M	0	1	3, 2, -1		3	3
87	86	694	694	2.0	3/2	3/2	4/2	13	1	V/ii|HC}		D	iv		V/ii	V				ii	HC	}	M	0	1	3, 7, 4		3	3
88	87	696	696	12.0	0	0	4/2	13	1	v/ii{		D	iv		v/ii	v				ii		{	m	0	1	3, 0, 4		3	3
89	88	708	708	4.0	1	1	4/2	13	1	V/v/ii		D	iv		V/v/ii	V				v/ii			M	0	1	4, 8, 5		4	4
90	89	712	712	6.0	0	0	4/2	13	1	V/ii		D	iv		V/ii	V				ii			M	0	1	3, 7, 4		3	3
90	89	718	718	2.0	3/2	3/2	4/2	13	1	ii6		D	iv		ii6	ii		6					m	0	1	-1, 3, 2		2	-1
91	90	720	720	4.0	0	0	4/2	13	1	V		D	iv		V	V							M	0	1	1, 5, 2		1	1
91	90	724	724	2.0	1	1	4/2	13	1	IV6(2)		D	iv		IV6(2)	IV		6	2				M	0	1	3, 0, 1		-1	3
91	90	726	726	2.0	3/2	3/2	4/2	13	1	IV6		D	iv		IV6	IV		6					M	0	1	3, 0, -1		-1	3
92	91	728	728	1.0	0	0	4/2	13	1	V65		D	iv		V65	V		65					Mm7	0	1	5, 2, -1, 1		1	5
92	91	729	729	1.0	1/4	1/4	4/2	13	1	I		D	iv		I	I							M	0	1	0, 4, 1		0	0
92	91	730	730	1.0	1/2	1/2	4/2	13	1	viio6(2)/V		D	iv		viio6(2)/V	vii	o	6	2	V			o	0	1	3, 0, 1		6	3
92	91	731	731	1.0	3/4	3/4	4/2	13	1	viio6/V		D	iv		viio6/V	vii	o	6		V			o	0	1	3, 0, 6		6	3
92	91	732	732	6.0	1	1	4/2	13	1	V		D	iv		V	V							M	0	1	1, 5, 2		1	1
93	92	738	738	2.0	1/2	1/2	4/2	13	1	ii(4)		D	iv		ii(4)	ii			4				m	0	1	2, 1, 3		2	2
93	92	740	740	2.0	1	1	4/2	13	1	ii		D	iv		ii	ii							m	0	1	2, -1, 3		2	2
93	92	742	742	1.0	3/2	3/2	4/2	13	1	IV7/ii		D	iv		IV7/ii	IV		7		ii			Mm7	0	1	1, 5, 2, -1		1	1
93	92	743	743	1.0	7/4	7/4	4/2	13	1	IV(+6)/ii		D	iv		IV(+6)/ii	IV			+6	ii			M	0	1	1, 5, 2	4	1	1
94	93	744	744	1.0	0	0	4/2	13	1	V/ii}		D	iv		V/ii	V				ii		}	M	0	1	3, 7, 4		3	3
94	93	745	745	1.0	1/4	1/4	4/2	13	1	V(64)/ii		D	iv		V(64)/ii	V			64	ii			M	0	1	3, 2, -1		3	3
94	93	746	746	1.0	1/2	1/2	4/2	13	1	V(4)/ii		D	iv		V(4)/ii	V			4	ii			M	0	1	3, 2, 4		3	3
94	93	747	747	1.0	3/4	3/4	4/2	13	1	V/ii		D	iv		V/ii	V				ii			M	0	1	3, 7, 4		3	3
94	93	748	748	4.0	1	1	4/2	13	1	I/ii|PAC		D	iv		I/ii	I				ii	PAC		M	0	1	2, 6, 3		2	2
94	93	751	751	0.0	7/4	7/4	4/2	13	1	{		D	iv									{		0	1				
95	94	752	752	4.0	0	0	4/2	13	1	ii		D	iv		ii	ii							m	0	1	2, -1, 3		2	2
95	94	756	756	4.0	1	1	4/2	13	1	V		D	iv		V	V							M	0	1	1, 5, 2		1	1
96	95	760	760	2.0	0	0	4/2	13	1	i(9)		D	iv		i(9)	i			9				m	0	1	0, -3, 1	2	0	0
96	95	762	762	6.0	1/2	1/2	4/2	13	1	i		D	iv		i	i							m	0	1	0, -3, 1		0	0
97	96	768	768	2.0	0	0	4/2	13	1	V7/v		D	iv		V7/v	V		7		v			Mm7	0	1	2, 6, 3, 0		2	2
97	96	770	770	2.0	1/2	1/2	4/2	13	1	V(64)/v		D	iv		V(64)/v	V			64	v			M	0	1	2, 1, -2		2	2
97	96	772	772	2.0	1	1	4/2	13	1	V(4)/v		D	iv		V(4)/v	V			4	v			M	0	1	2, 1, 3		2	2
97	96	774	774	2.0	3/2	3/2	4/2	13	1	V/v		D	iv		V/v	V				v			M	0	1	2, 6, 3		2	2
98	97	776	776	10.0	0	0	4/2	13	1	I/v|PAC}		D	iv		I/v	I				v	PAC	}	M	0	1	1, 5, 2		1	1
98	97	780	780	0.0	1	1	4/2	13	1	{		D	iv									{		0	1				
99	98	786	786	1.0	1/2	1/2	4/2	13	1	viio6(2)/V		D	iv		viio6(2)/V	vii	o	6	2	V			o	0	1	3, 0, 1		6	3
99	98	787	787	1.0	3/4	3/4	4/2	13	1	viio6/V		D	iv		viio6/V	vii	o	6		V			o	0	1	3, 0, 6		6	3
99	98	788	788	8.0	1	1	4/2	13	1	V		D	iv		V	V							M	0	1	1, 5, 2		1	1
100	99	796	796	1.0	1	1	4/2	13	1	V		D	iv		V	V							M	0	1	1, 5, 2		1	1
100	99	797	797	1.0	5/4	5/4	4/2	13	1	V(64)		D	iv		V(64)	V			64				M	0	1	1, 0, -3		1	1
100	99	798	798	1.0	3/2	3/2	4/2	13	1	V(4)		D	iv		V(4)	V			4				M	0	1	1, 0, 2		1	1
100	99	799	799	1.0	7/4	7/4	4/2	13	1	V		D	iv		V	V							M	0	1	1, 5, 2		1	1
101	100	800	800	4.0	0	0	4/2	13	1	I|PAC}		D	iv		I	I					PAC	}	M	0	1	0, 4, 1		0	0
101	100	804	804	22.0	1	1	4/2	13	1	I/VII{		D	iv		I/VII	I				VII		{	M	0	1	-2, 2, -1		-2	-2
104	103	826	826	2.0	1/2	1/2	4/2	13	1	I(+9)/VII		D	iv		I(+9)/VII	I			+9	VII			M	0	1	-2, 2, -1	0	-2	-2
104	103	828	828	16.0	1	1	4/2	13	1	V/VII		D	iv		V/VII	V				VII			M	0	1	-1, 3, 0		-1	-1
106	105	844	844	2.0	1	1	4/2	13	1	I6/VII		D	iv		I6/VII	I		6		VII			M	0	1	2, -1, -2		-2	2
106	105	846	846	2.0	3/2	3/2	4/2	13	1	V6/VII		D	iv		V6/VII	V		6		VII			M	0	1	3, 0, -1		-1	3
107	106	848	848	2.0	0	0	4/2	13	1	V(4)/V/VII}		D	iv		V(4)/V/VII	V			4	V/VII		}	M	0	1	0, -1, 1		0	0
107	106	850	850	2.0	1/2	1/2	4/2	13	1	V/V/VII		D	iv		V/V/VII	V				V/VII			M	0	1	0, 4, 1		0	0
107	106	852	852	4.0	1	1	4/2	13	1	I/V/VII|IAC		D	iv		I/V/VII	I				V/VII	IAC		M	0	1	-1, 3, 0		-1	-1
108	107	856	856	16.0	0	0	4/2	13	1	i{		D	iv		i	i						{	m	0	1	0, -3, 1		0	0
110	109	872	872	12.0	0	0	4/2	13	1	V|HC}		D	iv		V	V					HC	}	M	0	1	1, 5, 2		1	1
110	109	876	876	0.0	1	1	4/2	13	1	{		D	iv									{		0	1				
111	110	884	884	4.0	1	1	4/2	13	1	i		D	iv		i	i							m	0	1	0, -3, 1		0	0
112	111	888	888	4.0	0	0	4/2	13	1	iv6		D	iv		iv6	iv		6					m	0	1	-4, 0, -1		-1	-4
112	111	892	892	2.0	1	1	4/2	13	1	V(4)		D	iv		V(4)	V			4				M	0	1	1, 0, 2		1	1
112	111	894	894	1.0	3/2	3/2	4/2	13	1	V		D	iv		V	V							M	0	1	1, 5, 2		1	1
112	111	895	895	1.0	7/4	7/4	4/2	13	1	V(^2)		D	iv		V(^2)	V			^2				M	0	1	1, -4, 2		1	1
113	112	896	896	12.0	0	0	4/2	13	1	V|HC}		D	iv		V	V					HC	}	M	0	1	1, 5, 2		1	1
113	112	900	900	0.0	1	1	4/2	13	1	{		D	iv									{		0	1				
114	113	908	908	2.0	1	1	4/2	13	1	iv6(2)		D	iv		iv6(2)	iv		6	2				m	0	1	-4, 0, 1		-1	-4
114	113	910	910	2.0	3/2	3/2	4/2	13	1	iv6		D	iv		iv6	iv		6					m	0	1	-4, 0, -1		-1	-4
115	114	912	912	10.0	0	0	4/2	13	1	V|HC}		D	iv		V	V					HC	}	M	0	1	1, 5, 2		1	1
115	114	916	916	0.0	1	1	4/2	13	1	{		D	iv									{		0	1				
116	115	922	922	1.0	1/2	1/2	4/2	13	1	V6(2)/VII		D	iv		V6(2)/VII	V		6	2	VII			M	0	1	3, 0, 1		-1	3
116	115	923	923	1.0	3/4	3/4	4/2	13	1	V6/VII		D	iv		V6/VII	V		6		VII			M	0	1	3, 0, -1		-1	3
116	115	924	924	8.0	1	1	4/2	13	1	VII		D	iv		VII	VII							M	0	1	-2, 2, -1		-2	-2
117	116	932	932	2.0	1	1	4/2	13	1	iv6		D	iv		iv6	iv		6					m	0	1	-4, 0, -1		-1	-4
117	116	934	934	2.0	3/2	3/2	4/2	13	1	IV		D	iv		IV	IV							M	0	1	-1, 3, 0		-1	-1
118	117	936	936	10.0	0	0	4/2	13	1	V|HC}		D	iv		V	V					HC	}	M	0	1	1, 5, 2		1	1
118	117	940	940	0.0	1	1	4/2	13	1	{		D	iv									{		0	1				
119	118	946	946	2.0	1/2	1/2	4/2	13	1	V6/IV		D	iv		V6/IV	V		6		IV			M	0	1	4, 1, 0		0	4
119	118	948	948	6.0	1	1	4/2	13	1	IV		D	iv		IV	IV							M	0	1	-1, 3, 0		-1	-1
120	119	954	954	3.0	1/2	1/2	4/2	13	1	iv		D	iv		iv	iv							m	0	1	-1, -4, 0		-1	-1
120	119	957	957	1.0	5/4	5/4	4/2	13	1	V6/iv		D	iv		V6/iv	V		6		iv			M	0	1	4, 1, 0		0	4
120	119	958	958	2.0	3/2	3/2	4/2	13	1	iv		D	iv		iv	iv							m	0	1	-1, -4, 0		-1	-1
121	120	960	960	8.0	0	0	4/2	13	1	i|PC}		D	iv		i	i					PC	}	m	0	1	0, -3, 1		0	0
121	120	964	964	0.0	1	1	4/2	13	1	{		D	iv									{		0	1				
122	121	968	968	2.0	0	0	4/2	13	1	iv6		D	iv		iv6	iv		6					m	0	1	-4, 0, -1		-1	-4
122	121	970	970	2.0	1/2	1/2	4/2	13	1	viio6/V		D	iv		viio6/V	vii	o	6		V			o	0	1	3, 0, 6		6	3
122	121	972	972	2.0	1	1	4/2	13	1	V(4)		D	iv		V(4)	V			4				M	0	1	1, 0, 2		1	1
122	121	974	974	2.0	3/2	3/2	4/2	13	1	V		D	iv		V	V							M	0	1	1, 5, 2		1	1
123	122	976	976	4.0	0	0	4/2	13	1	I|PAC}		D	iv		I	I					PAC	}	M	0	1	0, 4, 1		0	0
123	122	980	980	16.0	1	1	4/2	13	1	V/VII{		D	iv		V/VII	V				VII		{	M	0	1	-1, 3, 0		-1	-1
125	124	996	996	12.0	1	1	4/2	13	1	I/VII		D	iv		I/VII	I				VII			M	0	1	-2, 2, -1		-2	-2
126	125	1000	1000	0.0	0	0	4/2	13	1	|IAC}		D	iv								IAC	}		0	1				
126	125	1003	1003	0.0	3/4	3/4	4/2	13	1	{		D	iv									{		0	1				
127	126	1008	1008	6.0	0	0	4/2	13	1	IV/VII		D	iv		IV/VII	IV				VII			M	0	1	-3, 1, -2		-3	-3
127	126	1014	1014	2.0	3/2	3/2	4/2	13	1	V/VII		D	iv		V/VII	V				VII			M	0	1	-1, 3, 0		-1	-1
128	127	1016	1016	8.0	0	0	4/2	13	1	V/V/VII		D	iv		V/V/VII	V				V/VII			M	0	1	0, 4, 1		0	0
129	128	1024	1024	2.0	0	0	4/2	13	1	V/VII		D	iv		V/VII	V				VII			M	0	1	-1, 3, 0		-1	-1
129	128	1026	1026	2.0	1/2	1/2	4/2	13	1	I/VII		D	iv		I/VII	I				VII			M	0	1	-2, 2, -1		-2	-2
129	128	1028	1028	1.0	1	1	4/2	13	1	V(9)/V/VII		D	iv		V(9)/V/VII	V			9	V/VII			M	0	1	0, 4, 1	2	0	0
129	128	1029	1029	2.0	5/4	5/4	4/2	13	1	V(4)/V/VII		D	iv		V(4)/V/VII	V			4	V/VII			M	0	1	0, -1, 1		0	0
129	128	1031	1031	1.0	7/4	7/4	4/2	13	1	V/V/VII		D	iv		V/V/VII	V				V/VII			M	0	1	0, 4, 1		0	0
130	129	1032	1032	4.0	0	0	4/2	13	1	I/V/VII|PAC}		D	iv		I/V/VII	I				V/VII	PAC	}	M	0	1	-1, 3, 0		-1	-1
130	129	1036	1036	12.0	1	1	4/2	13	1	V{		D	iv		V	V						{	M	0	1	1, 5, 2		1	1
132	131	1048	1048	2.0	0	0	4/2	13	1	V(64)		D	iv		V(64)	V			64				M	0	1	1, 0, -3		1	1
132	131	1050	1050	6.0	1/2	1/2	4/2	13	1	V		D	iv		V	V							M	0	1	1, 5, 2		1	1
133	132	1056	1056	2.0	0	0	4/2	13	1	VIM7		D	iv		VIM7	VI	M	7					MM7	0	1	-4, 0, -3, 1		-4	-4
133	132	1058	1058	2.0	1/2	1/2	4/2	13	1	iv6		D	iv		iv6	iv		6					m	0	1	-4, 0, -1		-1	-4
133	132	1060	1060	16.0	1	1	4/2	13	1	V		D	iv		V	V							M	0	1	1, 5, 2		1	1
135	134	1076	1076	6.0	1	1	4/2	13	1	i		D	iv		i	i							m	0	1	0, -3, 1		0	0
136	135	1082	1082	1.0	1/2	1/2	4/2	13	1	V		D	iv		V	V							M	0	1	1, 5, 2		1	1
136	135	1083	1083	1.0	3/4	3/4	4/2	13	1	iv7		D	iv		iv7	iv		7					mm7	0	1	-1, -4, 0, -3		-1	-1
136	135	1084	1084	2.0	1	1	4/2	13	1	V(4)		D	iv		V(4)	V			4				M	0	1	1, 0, 2		1	1
136	135	1086	1086	2.0	3/2	3/2	4/2	13	1	V		D	iv		V	V							M	0	1	1, 5, 2		1	1
137	136	1088	1088	4.0	0	0	4/2	13	1	I|PAC}		D	iv		I	I					PAC	}	M	0	1	0, 4, 1		0	0
137	136	1092	1092	12.0	1	1	4/2	13	1	IV{		D	iv		IV	IV						{	M	0	1	-1, 3, 0		-1	-1
139	138	1104	1104	2.0	0	0	4/2	13	1	i		D	iv		i	i							m	0	1	0, -3, 1		0	0
139	138	1106	1106	2.0	1/2	1/2	4/2	13	1	V6		D	iv		V6	V		6					M	0	1	5, 2, 1		1	5
139	138	1108	1108	1.0	1	1	4/2	13	1	i(9)		D	iv		i(9)	i			9				m	0	1	0, -3, 1	2	0	0
139	138	1109	1109	3.0	5/4	5/4	4/2	13	1	i		D	iv		i	i							m	0	1	0, -3, 1		0	0
140	139	1112	1112	6.0	0	0	4/2	13	1	V|HC}		D	iv		V	V					HC	}	M	0	1	1, 5, 2		1	1
140	139	1116	1116	0.0	1	1	4/2	13	1	{		D	iv									{		0	1				
140	139	1118	1118	2.0	3/2	3/2	4/2	13	1	V(64)		D	iv		V(64)	V			64				M	0	1	1, 0, -3		1	1
141	140	1120	1120	4.0	0	0	4/2	13	1	V		D	iv		V	V							M	0	1	1, 5, 2		1	1
141	140	1124	1124	4.0	1	1	4/2	13	1	V(#6)		D	iv		V(#6)	V			#6				M	0	1	1, 5, 2	4	1	1
142	141	1128	1128	4.0	0	0	4/2	13	1	I|PAC}		D	iv		I	I					PAC	}	M	0	1	0, 4, 1		0	0
142	141	1132	1132	4.0	1	1	4/2	13	1	i{		D	iv		i	i						{	m	0	1	0, -3, 1		0	0
143	142	1136	1136	4.0	0	0	4/2	13	1	v		D	iv		v	v							m	0	1	1, -2, 2		1	1
143	142	1140	1140	1.0	1	1	4/2	13	1	V(6)/v		D	iv		V(6)/v	V			6	v			M	0	1	2, 6, -2		2	2
143	142	1141	1141	2.0	5/4	5/4	4/2	13	1	V(4)/v		D	iv		V(4)/v	V			4	v			M	0	1	2, 1, 3		2	2
143	142	1143	1143	1.0	7/4	7/4	4/2	13	1	V/v		D	iv		V/v	V				v			M	0	1	2, 6, 3		2	2
144	143	1144	1144	4.0	0	0	4/2	13	1	I/v|PAC}		D	iv		I/v	I				v	PAC	}	M	0	1	1, 5, 2		1	1
144	143	1148	1148	6.0	1	1	4/2	13	1	V{		D	iv		V	V						{	M	0	1	1, 5, 2		1	1
145	144	1154	1154	2.0	1/2	1/2	4/2	13	1	V(#64)		D	iv		V(#64)	V			#64				M	0	1	1, 0, 2	4	1	1
145	144	1156	1156	4.0	1	1	4/2	13	1	V		D	iv		V	V							M	0	1	1, 5, 2		1	1
146	145	1160	1160	4.0	0	0	4/2	13	1	V7}		D	iv		V7	V		7				}	Mm7	0	1	1, 5, 2, -1		1	1
146	145	1164	1164	2.0	1	1	4/2	13	1	V(64)		D	iv		V(64)	V			64				M	0	1	1, 0, -3		1	1
146	145	1166	1166	6.0	3/2	3/2	4/2	13	1	V|HC		D	iv		V	V					HC		M	0	1	1, 5, 2		1	1
147	146	1168	1168	0.0	0	0	4/2	13	1	{		D	iv									{		0	1				
147	146	1172	1172	8.0	1	1	4/2	13	1	i		D	iv		i	i							m	0	1	0, -3, 1		0	0
148	147	1180	1180	4.0	1	1	4/2	13	1	IV		D	iv		IV	IV							M	0	1	-1, 3, 0		-1	-1
149	148	1184	1184	2.0	0	0	4/2	13	1	iv		D	iv		iv	iv							m	0	1	-1, -4, 0		-1	-1
149	148	1186	1186	1.0	1/2	1/2	4/2	13	1	iv6		D	iv		iv6	iv		6					m	0	1	-4, 0, -1		-1	-4
149	148	1187	1187	1.0	3/4	3/4	4/2	13	1	i		D	iv		i	i							m	0	1	0, -3, 1		0	0
149	148	1188	1188	4.0	1	1	4/2	13	1	V		D	iv		V	V							M	0	1	1, 5, 2		1	1
150	149	1192	1192	4.0	0	0	4/2	13	1	I6		D	iv		I6	I		6					M	0	1	4, 1, 0		0	4
150	149	1196	1196	3.0	1	1	4/2	13	1	IVM7		D	iv		IVM7	IV	M	7					MM7	0	1	-1, 3, 0, 4		-1	-1
150	149	1199	1199	1.0	7/4	7/4	4/2	13	1	viio6/V		D	iv		viio6/V	vii	o	6		V			o	0	1	3, 0, 6		6	3
151	150	1200	1200	2.0	0	0	4/2	13	1	V(4)}		D	iv		V(4)	V			4			}	M	0	1	1, 0, 2		1	1
151	150	1202	1202	2.0	1/2	1/2	4/2	13	1	V		D	iv		V	V							M	0	1	1, 5, 2		1	1
151	150	1204	1204	4.0	1	1	4/2	13	1	I|PAC		D	iv		I	I					PAC		M	0	1	0, 4, 1		0	0
152	151	1208	1208	8.0	0	0	4/2	13	1	bIII.V{		D	bIII		V	V						{	M	0	0	1, 5, 2		1	1
153	152	1216	1216	10.0	0	0	4/2	13	1	I		D	bIII		I	I							M	0	0	0, 4, 1		0	0
154	153	1226	1226	2.0	1/2	1/2	4/2	13	1	I6		D	bIII		I6	I		6					M	0	0	4, 1, 0		0	4
154	153	1228	1228	2.0	1	1	4/2	13	1	IV		D	bIII		IV	IV							M	0	0	-1, 3, 0		-1	-1
154	153	1230	1230	1.0	3/2	3/2	4/2	13	1	IV6		D	bIII		IV6	IV		6					M	0	0	3, 0, -1		-1	3
154	153	1231	1231	1.0	7/4	7/4	4/2	13	1	ii6		D	bIII		ii6	ii		6					m	0	0	-1, 3, 2		2	-1
155	154	1232	1232	4.0	0	0	4/2	13	1	V}		D	bIII		V	V						}	M	0	0	1, 5, 2		1	1
155	154	1236	1236	4.0	1	1	4/2	13	1	I|PAC		D	bIII		I	I					PAC		M	0	0	0, 4, 1		0	0
155	154	1238	1238	0.0	3/2	3/2	4/2	13	1	{		D	bIII									{		0	0				
156	155	1240	1240	4.0	0	0	4/2	13	1	IVM7		D	bIII		IVM7	IV	M	7					MM7	0	0	-1, 3, 0, 4		-1	-1
156	155	1244	1244	16.0	1	1	4/2	13	1	V		D	bIII		V	V							M	0	0	1, 5, 2		1	1
158	157	1260	1260	12.0	1	1	4/2	13	1	V/V		D	bIII		V/V	V				V			M	0	0	2, 6, 3		2	2
160	159	1272	1272	6.0	0	0	4/2	13	1	V		D	bIII		V	V							M	0	0	1, 5, 2		1	1
160	159	1278	1278	2.0	3/2	3/2	4/2	13	1	V7		D	bIII		V7	V		7					Mm7	0	0	1, 5, 2, -1		1	1
161	160	1280	1280	6.0	0	0	4/2	13	1	I		D	bIII		I	I							M	0	0	0, 4, 1		0	0
161	160	1286	1286	2.0	3/2	3/2	4/2	13	1	I6		D	bIII		I6	I		6					M	0	0	4, 1, 0		0	4
162	161	1288	1288	2.0	0	0	4/2	13	1	IV}		D	bIII		IV	IV						}	M	0	0	-1, 3, 0		-1	-1
162	161	1290	1290	2.0	1/2	1/2	4/2	13	1	V		D	bIII		V	V							M	0	0	1, 5, 2		1	1
162	161	1292	1292	2.0	1	1	4/2	13	1	V/V		D	bIII		V/V	V				V			M	0	0	2, 6, 3		2	2
162	161	1294	1294	2.0	3/2	3/2	4/2	13	1	V|HC		D	bIII		V	V					HC		M	0	0	1, 5, 2		1	1
163	162	1296	1296	2.0	0	0	4/2	13	1	IV{		D	bIII		IV	IV						{	M	0	0	-1, 3, 0		-1	-1
163	162	1298	1298	1.0	1/2	1/2	4/2	13	1	I(4)		D	bIII		I(4)	I			4				M	0	0	0, -1, 1		0	0
163	162	1299	1299	1.0	3/4	3/4	4/2	13	1	I		D	bIII		I	I							M	0	0	0, 4, 1		0	0
163	162	1300	1300	2.0	1	1	4/2	13	1	V		D	bIII		V	V							M	0	0	1, 5, 2		1	1
163	162	1302	1302	10.0	3/2	3/2	4/2	13	1	I		D	bIII		I	I							M	0	0	0, 4, 1		0	0
165	164	1312	1312	2.0	0	0	4/2	13	1	ii6		D	bIII		ii6	ii		6					m	0	0	-1, 3, 2		2	-1
165	164	1314	1314	2.0	1/2	1/2	4/2	13	1	V7		D	bIII		V7	V		7					Mm7	0	0	1, 5, 2, -1		1	1
165	164	1316	1316	4.0	1	1	4/2	13	1	V/ii		D	bIII		V/ii	V				ii			M	0	0	3, 7, 4		3	3
166	165	1320	1320	8.0	0	0	4/2	13	1	I/ii|PAC}		D	bIII		I/ii	I				ii	PAC	}	M	0	0	2, 6, 3		2	2
166	165	1323	1323	0.0	3/4	3/4	4/2	13	1	{		D	bIII									{		0	0				
167	166	1328	1328	4.0	0	0	4/2	13	1	iv.i		D	iv		i	i							m	0	1	0, -3, 1		0	0
167	166	1332	1332	4.0	1	1	4/2	13	1	iv		D	iv		iv	iv							m	0	1	-1, -4, 0		-1	-1
168	167	1336	1336	2.0	0	0	4/2	13	1	V		D	iv		V	V							M	0	1	1, 5, 2		1	1
168	167	1338	1338	2.0	1/2	1/2	4/2	13	1	V(64)		D	iv		V(64)	V			64				M	0	1	1, 0, -3		1	1
168	167	1340	1340	4.0	1	1	4/2	13	1	V		D	iv		V	V							M	0	1	1, 5, 2		1	1
169	168	1344	1344	1.0	0	0	4/2	13	1	V(6)/ii		D	iv		V(6)/ii	V			6	ii			M	0	1	3, 7, -1		3	3
169	168	1345	1345	1.0	1/4	1/4	4/2	13	1	V/ii		D	iv		V/ii	V				ii			M	0	1	3, 7, 4		3	3
169	168	1346	1346	1.0	1/2	1/2	4/2	13	1	V(4)/ii		D	iv		V(4)/ii	V			4	ii			M	0	1	3, 2, 4		3	3
169	168	1347	1347	1.0	3/4	3/4	4/2	13	1	V7/ii		D	iv		V7/ii	V		7		ii			Mm7	0	1	3, 7, 4, 1		3	3
169	168	1348	1348	4.0	1	1	4/2	13	1	V/ii		D	iv		V/ii	V				ii			M	0	1	3, 7, 4		3	3
170	169	1352	1352	8.0	0	0	4/2	13	1	IV6/ii		D	iv		IV6/ii	IV		6		ii			M	0	1	5, 2, 1		1	5
171	170	1360	1360	2.0	0	0	4/2	13	1	V/ii		D	iv		V/ii	V				ii			M	0	1	3, 7, 4		3	3
171	170	1362	1362	2.0	1/2	1/2	4/2	13	1	V(#6)/ii		D	iv		V(#6)/ii	V			#6	ii			M	0	1	3, 7, 4	6	3	3
171	170	1364	1364	4.0	1	1	4/2	13	1	V6/V		D	iv		V6/V	V		6		V			M	0	1	6, 3, 2		2	6
172	171	1368	1368	4.0	0	0	4/2	13	1	I/V}		D	iv		I/V	I				V		}	M	0	1	1, 5, 2		1	1
172	171	1370	1370	0.0	1/2	1/2	4/2	13	1	{		D	iv									{		0	1				
172	171	1372	1372	4.0	1	1	4/2	13	1	V		D	iv		V	V							M	0	1	1, 5, 2		1	1
173	172	1376	1376	4.0	0	0	4/2	13	1	i		D	iv		i	i							m	0	1	0, -3, 1		0	0
173	172	1380	1380	4.0	1	1	4/2	13	1	iv6		D	iv		iv6	iv		6					m	0	1	-4, 0, -1		-1	-4
174	173	1384	1384	2.0	0	0	4/2	13	1	V}		D	iv		V	V						}	M	0	1	1, 5, 2		1	1
174	173	1386	1386	2.0	1/2	1/2	4/2	13	1	viio6/V		D	iv		viio6/V	vii	o	6		V			o	0	1	3, 0, 6		6	3
174	173	1388	1388	2.0	1	1	4/2	13	1	V		D	iv		V	V							M	0	1	1, 5, 2		1	1
174	173	1390	1390	2.0	3/2	3/2	4/2	13	1	I|PAC		D	iv		I	I					PAC		M	0	1	0, 4, 1		0	0
175	174	1392	1392	4.0	0	0	4/2	13	1	V/VII{		D	iv		V/VII	V				VII		{	M	0	1	-1, 3, 0		-1	-1
175	174	1396	1396	8.0	1	1	4/2	13	1	I/VII		D	iv		I/VII	I				VII			M	0	1	-2, 2, -1		-2	-2
176	175	1404	1404	4.0	1	1	4/2	13	1	IV/VII		D	iv		IV/VII	IV				VII			M	0	1	-3, 1, -2		-3	-3
177	176	1408	1408	1.0	0	0	4/2	13	1	V(6)/VII		D	iv		V(6)/VII	V			6	VII			M	0	1	-1, 3, 2		-1	-1
177	176	1409	1409	2.0	1/4	1/4	4/2	13	1	V(4)/VII		D	iv		V(4)/VII	V			4	VII			M	0	1	-1, -2, 0		-1	-1
177	176	1411	1411	1.0	3/4	3/4	4/2	13	1	V/VII		D	iv		V/VII	V				VII			M	0	1	-1, 3, 0		-1	-1
177	176	1412	1412	6.0	1	1	4/2	13	1	I/VII		D	iv		I/VII	I				VII			M	0	1	-2, 2, -1		-2	-2
178	177	1418	1418	2.0	1/2	1/2	4/2	13	1	i(4)		D	iv		i(4)	i			4				m	0	1	0, -1, 1		0	0
178	177	1420	1420	4.0	1	1	4/2	13	1	V		D	iv		V	V							M	0	1	1, 5, 2		1	1
179	178	1424	1424	2.0	0	0	4/2	13	1	V(64)		D	iv		V(64)	V			64				M	0	1	1, 0, -3		1	1
179	178	1426	1426	2.0	1/2	1/2	4/2	13	1	V		D	iv		V	V							M	0	1	1, 5, 2		1	1
179	178	1428	1428	2.0	1	1	4/2	13	1	I		D	iv		I	I							M	0	1	0, 4, 1		0	0
179	178	1430	1430	2.0	3/2	3/2	4/2	13	1	IV	ii6	D	iv		IV	IV							M	0	1	-1, 3, 0		-1	-1
180	179	1432	1432	4.0	0	0	4/2	13	1	V}		D	iv		V	V						}	M	0	1	1, 5, 2		1	1
180	179	1436	1436	4.0	1	1	4/2	13	1	I|PAC		D	iv		I	I					PAC		M	0	1	0, 4, 1		0	0
181	180	1440	1440	2.0	0	0	4/2	13	1	i{		D	iv		i	i						{	m	0	1	0, -3, 1		0	0
181	180	1442	1442	2.0	1/2	1/2	4/2	13	1	IV		D	iv		IV	IV							M	0	1	-1, 3, 0		-1	-1
181	180	1444	1444	4.0	1	1	4/2	13	1	V		D	iv		V	V							M	0	1	1, 5, 2		1	1
182	181	1448	1448	3.0	0	0	4/2	13	1	VI		D	iv		VI	VI							M	0	1	-4, 0, -3		-4	-4
182	181	1451	1451	1.0	3/4	3/4	4/2	13	1	iv6		D	iv		iv6	iv		6					m	0	1	-4, 0, -1		-1	-4
182	181	1452	1452	2.0	1	1	4/2	13	1	VII		D	iv		VII	VII							M	0	1	-2, 2, -1		-2	-2
182	181	1454	1454	1.0	3/2	3/2	4/2	13	1	v7		D	iv		v7	v		7					mm7	0	1	1, -2, 2, -1		1	1
182	181	1455	1455	1.0	7/4	7/4	4/2	13	1	III6		D	iv		III6	III		6					M	0	1	1, -2, -3		-3	1
183	182	1456	1456	2.0	0	0	4/2	13	1	IV		D	iv		IV	IV							M	0	1	-1, 3, 0		-1	-1
183	182	1458	1458	2.0	1/2	1/2	4/2	13	1	i6		D	iv		i6	i		6					m	0	1	-3, 1, 0		0	-3
183	182	1460	1460	12.0	1	1	4/2	13	1	V/v		D	iv		V/v	V				v			M	0	1	2, 6, 3		2	2
185	184	1472	1472	4.0	0	0	4/2	13	1	I/v		D	iv		I/v	I				v			M	0	1	1, 5, 2		1	1
185	184	1476	1476	2.0	1	1	4/2	13	1	ii6/ii		D	iv		ii6/ii	ii		6		ii			m	0	1	1, 5, 4		4	1
185	184	1478	1478	2.0	3/2	3/2	4/2	13	1	IVM65/ii		D	iv		IVM65/ii	IV	M	65		ii			MM7	0	1	5, 2, 6, 1		1	5
186	185	1480	1480	4.0	0	0	4/2	13	1	V/ii|HC}		D	iv		V/ii	V				ii	HC	}	M	0	1	3, 7, 4		3	3
186	185	1484	1484	4.0	1	1	4/2	13	1	i/ii{		D	iv		i/ii	i				ii		{	m	0	1	2, -1, 3		2	2
187	186	1488	1488	4.0	0	0	4/2	13	1	iv6/ii		D	iv		iv6/ii	iv		6		ii			m	0	1	-2, 2, 1		1	-2
187	186	1492	1492	4.0	1	1	4/2	13	1	V/ii		D	iv		V/ii	V				ii			M	0	1	3, 7, 4		3	3
188	187	1496	1496	2.0	0	0	4/2	13	1	V(+4)/ii		D	iv		V(+4)/ii	V			+4	ii			M	0	1	3, 7, 4	2	3	3
188	187	1498	1498	2.0	1/2	1/2	4/2	13	1	IV/ii		D	iv		IV/ii	IV				ii			M	0	1	1, 5, 2		1	1
188	187	1500	1500	2.0	1	1	4/2	13	1	V(4)/ii		D	iv		V(4)/ii	V			4	ii			M	0	1	3, 2, 4		3	3
188	187	1502	1502	1.0	3/2	3/2	4/2	13	1	V/ii		D	iv		V/ii	V				ii			M	0	1	3, 7, 4		3	3
188	187	1503	1503	1.0	7/4	7/4	4/2	13	1	V(^2)/ii		D	iv		V(^2)/ii	V			^2	ii			M	0	1	3, -2, 4		3	3
189	188	1504	1504	4.0	0	0	4/2	13	1	V/ii		D	iv		V/ii	V				ii			M	0	1	3, 7, 4		3	3
189	188	1508	1508	4.0	1	1	4/2	13	1	V65/IV/ii		D	iv		V65/IV/ii	V		65		IV/ii			Mm7	0	1	6, 3, 0, 2		2	6
190	189	1512	1512	8.0	0	0	4/2	13	1	IV/ii		D	iv		IV/ii	IV				ii			M	0	1	1, 5, 2		1	1
191	190	1520	1520	4.0	0	0	4/2	13	1	IV7/ii		D	iv		IV7/ii	IV		7		ii			Mm7	0	1	1, 5, 2, -1		1	1
191	190	1524	1524	4.0	1	1	4/2	13	1	V/ii		D	iv		V/ii	V				ii			M	0	1	3, 7, 4		3	3
192	191	1528	1528	4.0	0	0	4/2	13	1	V65/IV/ii		D	iv		V65/IV/ii	V		65		IV/ii			Mm7	0	1	6, 3, 0, 2		2	6
192	191	1532	1532	4.0	1	1	4/2	13	1	IV/ii		D	iv		IV/ii	IV				ii			M	0	1	1, 5, 2		1	1
193	192	1536	1536	1.0	0	0	4/2	13	1	V7/ii}		D	iv		V7/ii	V		7		ii		}	Mm7	0	1	3, 7, 4, 1		3	3
193	192	1537	1537	1.0	1/4	1/4	4/2	13	1	V(64)/ii		D	iv		V(64)/ii	V			64	ii			M	0	1	3, 2, -1		3	3
193	192	1538	1538	1.0	1/2	1/2	4/2	13	1	V(4)/ii		D	iv		V(4)/ii	V			4	ii			M	0	1	3, 2, 4		3	3
193	192	1539	1539	1.0	3/4	3/4	4/2	13	1	V/ii		D	iv		V/ii	V				ii			M	0	1	3, 7, 4		3	3
193	192	1540	1540	22.0	1	1	4/2	13	1	I/ii|PAC		D	iv		I/ii	I				ii	PAC		M	0	1	2, 6, 3		2	2
194	193	1544	1544	0.0	0	0	4/2	13	1	{		D	iv									{		0	1				
196	195	1562	1562	2.0	1/2	1/2	4/2	13	1	IV.V		D	IV		V	V							M	0	0	1, 5, 2		1	1
196	195	1564	1564	4.0	1	1	4/2	13	1	I		D	IV		I	I							M	0	0	0, 4, 1		0	0
197	196	1568	1568	4.0	0	0	4/2	13	1	V|HC}		D	IV		V	V					HC	}	M	0	0	1, 5, 2		1	1
197	196	1572	1572	16.0	1	1	4/2	13	1	I{		D	IV		I	I						{	M	0	0	0, 4, 1		0	0
199	198	1588	1588	4.0	1	1	4/2	13	1	IV		D	IV		IV	IV							M	0	0	-1, 3, 0		-1	-1
200	199	1592	1592	2.0	0	0	4/2	13	1	VI/ii		D	IV		VI/ii	VI				ii			M	0	0	-2, 2, -1		-2	-2
200	199	1594	1594	2.0	1/2	1/2	4/2	13	1	iv/ii		D	IV		iv/ii	iv				ii			m	0	0	1, -2, 2		1	1
200	199	1596	1596	2.0	1	1	4/2	13	1	V(4)/ii		D	IV		V(4)/ii	V			4	ii			M	0	0	3, 2, 4		3	3
200	199	1598	1598	1.0	3/2	3/2	4/2	13	1	V/ii		D	IV		V/ii	V				ii			M	0	0	3, 7, 4		3	3
200	199	1599	1599	1.0	7/4	7/4	4/2	13	1	V(^2)/ii		D	IV		V(^2)/ii	V			^2	ii			M	0	0	3, -2, 4		3	3
201	200	1600	1600	4.0	0	0	4/2	13	1	V/ii		D	IV		V/ii	V				ii			M	0	0	3, 7, 4		3	3
201	200	1604	1604	4.0	1	1	4/2	13	1	i/ii		D	IV		i/ii	i				ii			m	0	0	2, -1, 3		2	2
202	201	1608	1608	10.0	0	0	4/2	13	1	V/ii		D	IV		V/ii	V				ii			M	0	0	3, 7, 4		3	3
203	202	1618	1618	2.0	1/2	1/2	4/2	13	1	i/ii		D	IV		i/ii	i				ii			m	0	0	2, -1, 3		2	2
203	202	1620	1620	4.0	1	1	4/2	13	1	V/ii		D	IV		V/ii	V				ii			M	0	0	3, 7, 4		3	3
204	203	1624	1624	4.0	0	0	4/2	13	1	V65/V		D	IV		V65/V	V		65		V			Mm7	0	0	6, 3, 0, 2		2	6
204	203	1628	1628	4.0	1	1	4/2	13	1	V}		D	IV		V	V						}	M	0	0	1, 5, 2		1	1
204	203	1631	1631	0.0	7/4	7/4	4/2	13	1	{		D	IV									{		0	0				
205	204	1632	1632	8.0	0	0	4/2	13	1	I		D	IV		I	I							M	0	0	0, 4, 1		0	0
206	205	1640	1640	1.0	0	0	4/2	13	1	IV		D	IV		IV	IV							M	0	0	-1, 3, 0		-1	-1
206	205	1641	1641	1.0	1/4	1/4	4/2	13	1	V7		D	IV		V7	V		7					Mm7	0	0	1, 5, 2, -1		1	1
206	205	1642	1642	2.0	1/2	1/2	4/2	13	1	I		D	IV		I	I							M	0	0	0, 4, 1		0	0
206	205	1644	1644	2.0	1	1	4/2	13	1	V		D	IV		V	V							M	0	0	1, 5, 2		1	1
206	205	1646	1646	1.0	3/2	3/2	4/2	13	1	viio6(2)/V		D	IV		viio6(2)/V	vii	o	6	2	V			o	0	0	3, 0, 1		6	3
206	205	1647	1647	1.0	7/4	7/4	4/2	13	1	viio6/V		D	IV		viio6/V	vii	o	6		V			o	0	0	3, 0, 6		6	3
207	206	1648	1648	8.0	0	0	4/2	13	1	V|HC}		D	IV		V	V					HC	}	M	0	0	1, 5, 2		1	1
207	206	1652	1652	0.0	1	1	4/2	13	1	{		D	IV									{		0	0				
208	207	1656	1656	2.0	0	0	4/2	13	1	I		D	IV		I	I							M	0	0	0, 4, 1		0	0
208	207	1658	1658	2.0	1/2	1/2	4/2	13	1	IV		D	IV		IV	IV							M	0	0	-1, 3, 0		-1	-1
208	207	1660	1660	1.0	1	1	4/2	13	1	V7		D	IV		V7	V		7					Mm7	0	0	1, 5, 2, -1		1	1
208	207	1661	1661	1.0	5/4	5/4	4/2	13	1	V(64)		D	IV		V(64)	V			64				M	0	0	1, 0, 4		1	1
208	207	1662	1662	1.0	3/2	3/2	4/2	13	1	V(4)		D	IV		V(4)	V			4				M	0	0	1, 0, 2		1	1
208	207	1663	1663	1.0	7/4	7/4	4/2	13	1	V		D	IV		V	V							M	0	0	1, 5, 2		1	1
209	208	1664	1664	8.0	0	0	4/2	13	1	I|PAC}		D	IV		I	I					PAC	}	M	0	0	0, 4, 1		0	0
210	209	1672	1672	16.0	0	0	4/2	13	1	IV{		D	IV		IV	IV						{	M	0	0	-1, 3, 0		-1	-1
212	211	1688	1688	4.0	0	0	4/2	13	1	ii6		D	IV		ii6	ii		6					m	0	0	-1, 3, 2		2	-1
212	211	1692	1692	12.0	1	1	4/2	13	1	V		D	IV		V	V							M	0	0	1, 5, 2		1	1
214	213	1704	1704	4.0	0	0	4/2	13	1	ii6}		D	IV		ii6	ii		6				}	m	0	0	-1, 3, 2		2	-1
214	213	1708	1708	2.0	1	1	4/2	13	1	V		D	IV		V	V							M	0	0	1, 5, 2		1	1
214	213	1710	1710	8.0	3/2	3/2	4/2	13	1	I|IAC}		D	IV		I	I					IAC	}	M	0	0	0, 4, 1		0	0
215	214	1714	1714	0.0	1/2	1/2	4/2	13	1	{		D	IV									{		0	0				
215	214	1718	1718	2.0	3/2	3/2	4/2	13	1	V6/V		D	IV		V6/V	V		6		V			M	0	0	6, 3, 2		2	6
216	215	1720	1720	10.0	0	0	4/2	13	1	V		D	IV		V	V							M	0	0	1, 5, 2		1	1
217	216	1728	1728	0.0	0	0	4/2	13	1	}		D	IV									}		0	0				
217	216	1730	1730	1.0	1/2	1/2	4/2	13	1	ii/V		D	IV		ii/V	ii				V			m	0	0	3, 0, 4		3	3
217	216	1731	1731	1.0	3/4	3/4	4/2	13	1	viio6/V		D	IV		viio6/V	vii	o	6		V			o	0	0	3, 0, 6		6	3
217	216	1732	1732	4.0	1	1	4/2	13	1	V|HC		D	IV		V	V					HC		M	0	0	1, 5, 2		1	1
218	217	1736	1736	12.0	0	0	4/2	13	1	i{		D	IV		i	i						{	m	0	0	0, -3, 1		0	0
219	218	1748	1748	4.0	1	1	4/2	13	1	I		D	IV		I	I							M	0	0	0, 4, 1		0	0
220	219	1752	1752	6.0	0	0	4/2	13	1	ii6		D	IV		ii6	ii		6					m	0	0	-1, 3, 2		2	-1
220	219	1758	1758	2.0	3/2	3/2	4/2	13	1	V		D	IV		V	V							M	0	0	1, 5, 2		1	1
221	220	1760	1760	4.0	0	0	4/2	13	1	I|PAC}		D	IV		I	I					PAC	}	M	0	0	0, 4, 1		0	0
221	220	1763	1763	0.0	3/4	3/4	4/2	13	1	{		D	IV									{		0	0				
221	220	1764	1764	4.0	1	1	4/2	13	1	IVM7		D	IV		IVM7	IV	M	7					MM7	0	0	-1, 3, 0, 4		-1	-1
222	221	1768	1768	4.0	0	0	4/2	13	1	i		D	IV		i	i							m	0	0	0, -3, 1		0	0
222	221	1772	1772	8.0	1	1	4/2	13	1	V		D	IV		V	V							M	0	0	1, 5, 2		1	1
223	222	1780	1780	4.0	1	1	4/2	13	1	I6		D	IV		I6	I		6					M	0	0	4, 1, 0		0	4
224	223	1784	1784	2.0	0	0	4/2	13	1	IV}		D	IV		IV	IV						}	M	0	0	-1, 3, 0		-1	-1
224	223	1786	1786	1.0	1/2	1/2	4/2	13	1	V(4)		D	IV		V(4)	V			4				M	0	0	1, 0, 2		1	1
224	223	1787	1787	1.0	3/4	3/4	4/2	13	1	V		D	IV		V	V							M	0	0	1, 5, 2		1	1
224	223	1788	1788	4.0	1	1	4/2	13	1	I|PAC		D	IV		I	I					PAC		M	0	0	0, 4, 1		0	0
225	224	1792	1792	2.0	0	0	4/2	13	1	bIII.V/V{		D	bIII		V/V	V				V		{	M	0	0	2, 6, 3		2	2
225	224	1794	1794	2.0	1/2	1/2	4/2	13	1	V		D	bIII		V	V							M	0	0	1, 5, 2		1	1
225	224	1796	1796	8.0	1	1	4/2	13	1	IV		D	bIII		IV	IV							M	0	0	-1, 3, 0		-1	-1
226	225	1804	1804	8.0	1	1	4/2	13	1	I		D	bIII		I	I							M	0	0	0, 4, 1		0	0
227	226	1812	1812	3.0	1	1	4/2	13	1	IV		D	bIII		IV	IV							M	0	0	-1, 3, 0		-1	-1
227	226	1815	1815	1.0	7/4	7/4	4/2	13	1	V		D	bIII		V	V							M	0	0	1, 5, 2		1	1
228	227	1816	1816	4.0	0	0	4/2	13	1	I		D	bIII		I	I							M	0	0	0, 4, 1		0	0
228	227	1820	1820	2.0	1	1	4/2	13	1	IV		D	bIII		IV	IV							M	0	0	-1, 3, 0		-1	-1
228	227	1822	1822	2.0	3/2	3/2	4/2	13	1	#viio6/ii		D	bIII		#viio6/ii	#vii	o	6		ii			o	0	0	4, 1, 7		7	4
229	228	1824	1824	2.0	0	0	4/2	13	1	V(4)/V}		D	bIII		V(4)/V	V			4	V		}	M	0	0	2, 1, 3		2	2
229	228	1826	1826	2.0	1/2	1/2	4/2	13	1	V/V		D	bIII		V/V	V				V			M	0	0	2, 6, 3		2	2
229	228	1828	1828	4.0	1	1	4/2	13	1	I/V|HC		D	bIII		I/V	I				V	HC		M	0	0	1, 5, 2		1	1
230	229	1832	1832	4.0	0	0	4/2	13	1	V{		D	bIII		V	V						{	M	0	0	1, 5, 2		1	1
230	229	1836	1836	10.0	1	1	4/2	13	1	I		D	bIII		I	I							M	0	0	0, 4, 1		0	0
231	230	1846	1846	2.0	3/2	3/2	4/2	13	1	IV		D	bIII		IV	IV							M	0	0	-1, 3, 0		-1	-1
232	231	1848	1848	1.0	0	0	4/2	13	1	V7}		D	bIII		V7	V		7				}	Mm7	0	0	1, 5, 2, -1		1	1
232	231	1849	1849	1.0	1/4	1/4	4/2	13	1	V(64)		D	bIII		V(64)	V			64				M	0	0	1, 0, 4		1	1
232	231	1850	1850	1.0	1/2	1/2	4/2	13	1	V(4)		D	bIII		V(4)	V			4				M	0	0	1, 0, 2		1	1
232	231	1851	1851	1.0	3/4	3/4	4/2	13	1	V		D	bIII		V	V							M	0	0	1, 5, 2		1	1
232	231	1852	1852	4.0	1	1	4/2	13	1	I|PAC		D	bIII		I	I					PAC		M	0	0	0, 4, 1		0	0
233	232	1856	1856	6.0	0	0	4/2	13	1	V{		D	bIII		V	V						{	M	0	0	1, 5, 2		1	1
233	232	1862	1862	2.0	3/2	3/2	4/2	13	1	I		D	bIII		I	I							M	0	0	0, 4, 1		0	0
234	233	1864	1864	10.0	0	0	4/2	13	1	V		D	bIII		V	V							M	0	0	1, 5, 2		1	1
235	234	1874	1874	2.0	1/2	1/2	4/2	13	1	I6		D	bIII		I6	I		6					M	0	0	4, 1, 0		0	4
235	234	1876	1876	1.0	1	1	4/2	13	1	IV		D	bIII		IV	IV							M	0	0	-1, 3, 0		-1	-1
235	234	1877	1877	1.0	5/4	5/4	4/2	13	1	V		D	bIII		V	V							M	0	0	1, 5, 2		1	1
235	234	1878	1878	2.0	3/2	3/2	4/2	13	1	V/V		D	bIII		V/V	V				V			M	0	0	2, 6, 3		2	2
236	235	1880	1880	4.0	0	0	4/2	13	1	I/V|PAC}		D	bIII		I/V	I				V	PAC	}	M	0	0	1, 5, 2		1	1
236	235	1884	1884	12.0	1	1	4/2	13	1	V{		D	bIII		V	V						{	M	0	0	1, 5, 2		1	1
238	237	1896	1896	4.0	0	0	4/2	13	1	I		D	bIII		I	I							M	0	0	0, 4, 1		0	0
238	237	1900	1900	2.0	1	1	4/2	13	1	IV		D	bIII		IV	IV							M	0	0	-1, 3, 0		-1	-1
238	237	1902	1902	2.0	3/2	3/2	4/2	13	1	ii		D	bIII		ii	ii							m	0	0	2, -1, 3		2	2
239	238	1904	1904	4.0	0	0	4/2	13	1	V/ii		D	bIII		V/ii	V				ii			M	0	0	3, 7, 4		3	3
239	238	1908	1908	4.0	1	1	4/2	13	1	V/V		D	bIII		V/V	V				V			M	0	0	2, 6, 3		2	2
240	239	1912	1912	4.0	0	0	4/2	13	1	V		D	bIII		V	V							M	0	0	1, 5, 2		1	1
240	239	1916	1916	4.0	1	1	4/2	13	1	I		D	bIII		I	I							M	0	0	0, 4, 1		0	0
241	240	1920	1920	4.0	0	0	4/2	13	1	V/V}		D	bIII		V/V	V				V		}	M	0	0	2, 6, 3		2	2
241	240	1924	1924	4.0	1	1	4/2	13	1	I/V|IAC		D	bIII		I/V	I				V	IAC		M	0	0	1, 5, 2		1	1
242	241	1928	1928	10.0	0	0	4/2	13	1	I{		D	bIII		I	I						{	M	0	0	0, 4, 1		0	0
243	242	1938	1938	2.0	1/2	1/2	4/2	13	1	I6		D	bIII		I6	I		6					M	0	0	4, 1, 0		0	4
243	242	1940	1940	2.0	1	1	4/2	13	1	V(4)		D	bIII		V(4)	V			4				M	0	0	1, 0, 2		1	1
243	242	1942	1942	2.0	3/2	3/2	4/2	13	1	V		D	bIII		V	V							M	0	0	1, 5, 2		1	1
244	243	1944	1944	4.0	0	0	4/2	13	1	I|PAC}		D	bIII		I	I					PAC	}	M	0	0	0, 4, 1		0	0
244	243	1948	1948	4.0	1	1	4/2	13	1	I/V{		D	bIII		I/V	I				V		{	M	0	0	1, 5, 2		1	1
245	244	1952	1952	4.0	0	0	4/2	13	1	I6/V		D	bIII		I6/V	I		6		V			M	0	0	5, 2, 1		1	5
245	244	1956	1956	2.0	1	1	4/2	13	1	I/V		D	bIII		I/V	I				V			M	0	0	1, 5, 2		1	1
245	244	1958	1958	1.0	3/2	3/2	4/2	13	1	V(4)/V		D	bIII		V(4)/V	V			4	V			M	0	0	2, 1, 3		2	2
245	244	1959	1959	1.0	7/4	7/4	4/2	13	1	V/V		D	bIII		V/V	V				V			M	0	0	2, 6, 3		2	2
246	245	1960	1960	4.0	0	0	4/2	13	1	I/V|PAC}		D	bIII		I/V	I				V	PAC	}	M	0	0	1, 5, 2		1	1
246	245	1964	1964	4.0	1	1	4/2	13	1	iv.i{		D	iv		i	i						{	m	0	1	0, -3, 1		0	0
247	246	1968	1968	2.0	0	0	4/2	13	1	V		D	iv		V	V							M	0	1	1, 5, 2		1	1
247	246	1970	1970	2.0	1/2	1/2	4/2	13	1	V(64)		D	iv		V(64)	V			64				M	0	1	1, 0, -3		1	1
247	246	1972	1972	4.0	1	1	4/2	13	1	V		D	iv		V	V							M	0	1	1, 5, 2		1	1
248	247	1976	1976	1.0	0	0	4/2	13	1	IV		D	iv		IV	IV							M	0	1	-1, 3, 0		-1	-1
248	247	1977	1977	1.0	1/4	1/4	4/2	13	1	ii6		D	iv		ii6	ii		6					m	0	1	-1, 3, 2		2	-1
248	247	1978	1978	2.0	1/2	1/2	4/2	13	1	V		D	iv		V	V							M	0	1	1, 5, 2		1	1
248	247	1980	1980	4.0	1	1	4/2	13	1	i		D	iv		i	i							m	0	1	0, -3, 1		0	0
249	248	1984	1984	1.0	0	0	4/2	13	1	V}		D	iv		V	V						}	M	0	1	1, 5, 2		1	1
249	248	1985	1985	1.0	1/4	1/4	4/2	13	1	V(64)		D	iv		V(64)	V			64				M	0	1	1, 0, -3		1	1
249	248	1986	1986	1.0	1/2	1/2	4/2	13	1	V(4)		D	iv		V(4)	V			4				M	0	1	1, 0, 2		1	1
249	248	1987	1987	1.0	3/4	3/4	4/2	13	1	V		D	iv		V	V							M	0	1	1, 5, 2		1	1
249	248	1988	1988	4.0	1	1	4/2	13	1	I|PAC		D	iv		I	I					PAC		M	0	1	0, 4, 1		0	0
250	249	1992	1992	16.0	0	0	4/2	13	1	IV.V{		D	IV		V	V						{	M	0	0	1, 5, 2		1	1
252	251	2008	2008	12.0	0	0	4/2	13	1	I|PAC}		D	IV		I	I					PAC	}	M	0	0	0, 4, 1		0	0
252	251	2011	2011	0.0	3/4	3/4	4/2	13	1	{		D	IV									{		0	0				
253	252	2020	2020	4.0	1	1	4/2	13	1	IV		D	IV		IV	IV							M	0	0	-1, 3, 0		-1	-1
254	253	2024	2024	4.0	0	0	4/2	13	1	V/V		D	IV		V/V	V				V			M	0	0	2, 6, 3		2	2
254	253	2028	2028	4.0	1	1	4/2	13	1	ii6/V		D	IV		ii6/V	ii		6		V			m	0	0	0, 4, 3		3	0
255	254	2032	2032	1.0	0	0	4/2	13	1	V/V}		D	IV		V/V	V				V		}	M	0	0	2, 6, 3		2	2
255	254	2033	2033	2.0	1/4	1/4	4/2	13	1	V(4)/V		D	IV		V(4)/V	V			4	V			M	0	0	2, 1, 3		2	2
255	254	2035	2035	1.0	3/4	3/4	4/2	13	1	V/V		D	IV		V/V	V				V			M	0	0	2, 6, 3		2	2
255	254	2036	2036	4.0	1	1	4/2	13	1	I/V|PAC		D	IV		I/V	I				V	PAC		M	0	0	1, 5, 2		1	1
255	254	2039	2039	0.0	7/4	7/4	4/2	13	1	{		D	IV									{		0	0				
256	255	2040	2040	2.0	0	0	4/2	13	1	I		D	IV		I	I							M	0	0	0, 4, 1		0	0
256	255	2042	2042	1.0	1/2	1/2	4/2	13	1	V		D	IV		V	V							M	0	0	1, 5, 2		1	1
256	255	2043	2043	1.0	3/4	3/4	4/2	13	1	ii		D	IV		ii	ii							m	0	0	2, -1, 3		2	2
256	255	2044	2044	1.0	1	1	4/2	13	1	V(6)/ii		D	IV		V(6)/ii	V			6	ii			M	0	0	3, 7, -1		3	3
256	255	2045	2045	2.0	5/4	5/4	4/2	13	1	V(4)/ii		D	IV		V(4)/ii	V			4	ii			M	0	0	3, 2, 4		3	3
256	255	2047	2047	1.0	7/4	7/4	4/2	13	1	V/ii		D	IV		V/ii	V				ii			M	0	0	3, 7, 4		3	3
257	256	2048	2048	4.0	0	0	4/2	13	1	I/ii|PAC}		D	IV		I/ii	I				ii	PAC	}	M	0	0	2, 6, 3		2	2
257	256	2052	2052	18.0	1	1	4/2	13	1	bIII.I{		D	bIII		I	I						{	M	0	0	0, 4, 1		0	0
259	258	2070	2070	2.0	3/2	3/2	4/2	13	1	viio6/V		D	bIII		viio6/V	vii	o	6		V			o	0	0	3, 0, 6		6	3
260	259	2072	2072	2.0	0	0	4/2	13	1	V(4)}		D	bIII		V(4)	V			4			}	M	0	0	1, 0, 2		1	1
260	259	2074	2074	2.0	1/2	1/2	4/2	13	1	V		D	bIII		V	V							M	0	0	1, 5, 2		1	1
260	259	2076	2076	10.0	1	1	4/2	13	1	I|PAC		D	bIII		I	I					PAC		M	0	0	0, 4, 1		0	0
261	260	2080	2080	0.0	0	0	4/2	13	1	{		D	bIII									{		0	0				
261	260	2086	2086	2.0	3/2	3/2	4/2	13	1	V/V		D	bIII		V/V	V				V			M	0	0	2, 6, 3		2	2
262	261	2088	2088	10.0	0	0	4/2	13	1	V		D	bIII		V	V							M	0	0	1, 5, 2		1	1
263	262	2098	2098	2.0	1/2	1/2	4/2	13	1	vi		D	bIII		vi	vi							m	0	0	3, 0, 4		3	3
263	262	2100	2100	2.0	1	1	4/2	13	1	IV		D	bIII		IV	IV							M	0	0	-1, 3, 0		-1	-1
263	262	2102	2102	2.0	3/2	3/2	4/2	13	1	V		D	bIII		V	V							M	0	0	1, 5, 2		1	1
264	263	2104	2104	2.0	0	0	4/2	13	1	V(4)/V}		D	bIII		V(4)/V	V			4	V		}	M	0	0	2, 1, 3		2	2
264	263	2106	2106	2.0	1/2	1/2	4/2	13	1	V/V		D	bIII		V/V	V				V			M	0	0	2, 6, 3		2	2
264	263	2108	2108	24.0	1	1	4/2	13	1	I/V|PAC		D	bIII		I/V	I				V	PAC		M	0	0	1, 5, 2		1	1
265	264	2112	2112	0.0	0	0	4/2	13	1	{		D	bIII									{		0	0				
267	266	2132	2132	12.0	1	1	4/2	13	1	I		D	bIII		I	I							M	0	0	0, 4, 1		0	0
269	268	2144	2144	2.0	0	0	4/2	13	1	IV(9)}		D	bIII		IV(9)	IV			9			}	M	0	0	-1, 3, 0	1	-1	-1
269	268	2146	2146	2.0	1/2	1/2	4/2	13	1	ii6		D	bIII		ii6	ii		6					m	0	0	-1, 3, 2		2	-1
269	268	2148	2148	8.0	1	1	4/2	13	1	V		D	bIII		V	V							M	0	0	1, 5, 2		1	1
270	269	2152	2152	0.0	0	0	4/2	13	1	{		D	bIII									{		0	0				
270	269	2156	2156	8.0	1	1	4/2	13	1	I		D	bIII		I	I							M	0	0	0, 4, 1		0	0
271	270	2164	2164	2.0	1	1	4/2	13	1	I6		D	bIII		I6	I		6					M	0	0	4, 1, 0		0	4
271	270	2166	2166	1.0	3/2	3/2	4/2	13	1	V(4)		D	bIII		V(4)	V			4				M	0	0	1, 0, 2		1	1
271	270	2167	2167	1.0	7/4	7/4	4/2	13	1	V		D	bIII		V	V							M	0	0	1, 5, 2		1	1
272	271	2168	2168	4.0	0	0	4/2	13	1	I|PAC}		D	bIII		I	I					PAC	}	M	0	0	0, 4, 1		0	0
272	271	2172	2172	8.0	1	1	4/2	13	1	V{		D	bIII		V	V						{	M	0	0	1, 5, 2		1	1
273	272	2180	2180	2.0	1	1	4/2	13	1	I		D	bIII		I	I							M	0	0	0, 4, 1		0	0
273	272	2182	2182	2.0	3/2	3/2	4/2	13	1	ii		D	bIII		ii	ii							m	0	0	2, -1, 3		2	2
274	273	2184	2184	4.0	0	0	4/2	13	1	V/ii		D	bIII		V/ii	V				ii			M	0	0	3, 7, 4		3	3
274	273	2188	2188	4.0	1	1	4/2	13	1	V		D	bIII		V	V							M	0	0	1, 5, 2		1	1
275	274	2192	2192	2.0	0	0	4/2	13	1	V(4)/V}		D	bIII		V(4)/V	V			4	V		}	M	0	0	2, 1, 3		2	2
275	274	2194	2194	2.0	1/2	1/2	4/2	13	1	V/V		D	bIII		V/V	V				V			M	0	0	2, 6, 3		2	2
275	274	2196	2196	8.0	1	1	4/2	13	1	I/V|PAC		D	bIII		I/V	I				V	PAC		M	0	0	1, 5, 2		1	1
276	275	2200	2200	0.0	0	0	4/2	13	1	{		D	bIII									{		0	0				
276	275	2204	2204	10.0	1	1	4/2	13	1	I		D	bIII		I	I							M	0	0	0, 4, 1		0	0
277	276	2214	2214	2.0	3/2	3/2	4/2	13	1	I6		D	bIII		I6	I		6					M	0	0	4, 1, 0		0	4
278	277	2216	2216	2.0	0	0	4/2	13	1	IV		D	bIII		IV	IV							M	0	0	-1, 3, 0		-1	-1
278	277	2218	2218	1.0	1/2	1/2	4/2	13	1	IV6		D	bIII		IV6	IV		6					M	0	0	3, 0, -1		-1	3
278	277	2219	2219	1.0	3/4	3/4	4/2	13	1	ii6		D	bIII		ii6	ii		6					m	0	0	-1, 3, 2		2	-1
278	277	2220	2220	4.0	1	1	4/2	13	1	V		D	bIII		V	V							M	0	0	1, 5, 2		1	1
279	278	2224	2224	12.0	0	0	4/2	13	1	I|PAC}		D	bIII		I	I					PAC	}	M	0	0	0, 4, 1		0	0
280	279	2232	2232	0.0	0	0	4/2	13	1	{		D	bIII									{		0	0				
280	279	2236	2236	1.0	1	1	4/2	13	1	V		D	bIII		V	V							M	0	0	1, 5, 2		1	1
280	279	2237	2237	1.0	5/4	5/4	4/2	13	1	IV		D	bIII		IV	IV							M	0	0	-1, 3, 0		-1	-1
280	279	2238	2238	1.0	3/2	3/2	4/2	13	1	V(9)		D	bIII		V(9)	V			9				M	0	0	1, 5, 2	3	1	1
280	279	2239	2239	1.0	7/4	7/4	4/2	13	1	V		D	bIII		V	V							M	0	0	1, 5, 2		1	1
281	280	2240	2240	2.0	0	0	4/2	13	1	V/ii		D	bIII		V/ii	V				ii			M	0	0	3, 7, 4		3	3
281	280	2242	2242	2.0	1/2	1/2	4/2	13	1	I/ii		D	bIII		I/ii	I				ii			M	0	0	2, 6, 3		2	2
281	280	2244	2244	1.0	1	1	4/2	13	1	IV/ii		D	bIII		IV/ii	IV				ii			M	0	0	1, 5, 2		1	1
281	280	2245	2245	1.0	5/4	5/4	4/2	13	1	V/ii		D	bIII		V/ii	V				ii			M	0	0	3, 7, 4		3	3
281	280	2246	2246	2.0	3/2	3/2	4/2	13	1	i/ii		D	bIII		i/ii	i				ii			m	0	0	2, -1, 3		2	2
282	281	2248	2248	3.0	0	0	4/2	13	1	V/ii		D	bIII		V/ii	V				ii			M	0	0	3, 7, 4		3	3
282	281	2251	2251	1.0	3/4	3/4	4/2	13	1	III/ii		D	bIII		III/ii	III				ii			M	0	0	-1, 3, 0		-1	-1
282	281	2252	2252	2.0	1	1	4/2	13	1	VI/ii		D	bIII		VI/ii	VI				ii			M	0	0	-2, 2, -1		-2	-2
282	281	2254	2254	1.0	3/2	3/2	4/2	13	1	V(4)/IV		D	bIII		V(4)/IV	V			4	IV			M	0	0	0, -1, 1		0	0
282	281	2255	2255	1.0	7/4	7/4	4/2	13	1	V/IV		D	bIII		V/IV	V				IV			M	0	0	0, 4, 1		0	0
283	282	2256	2256	3.0	0	0	4/2	13	1	IV		D	bIII		IV	IV							M	0	0	-1, 3, 0		-1	-1
283	282	2259	2259	1.0	3/4	3/4	4/2	13	1	viio6/ii		D	bIII		viio6/ii	vii	o	6		ii			o	0	0	-3, -6, 0		0	-3
283	282	2260	2260	2.0	1	1	4/2	13	1	i/ii		D	bIII		i/ii	i				ii			m	0	0	2, -1, 3		2	2
283	282	2262	2262	2.0	3/2	3/2	4/2	13	1	V/ii		D	bIII		V/ii	V				ii			M	0	0	3, 7, 4		3	3
284	283	2264	2264	8.0	0	0	4/2	13	1	I/ii|PAC}		D	bIII		I/ii	I				ii	PAC	}	M	0	0	2, 6, 3		2	2
285	284	2272	2272	8.0	0	0	4/2	13	1	IV.IV{		D	IV		IV	IV						{	M	0	0	-1, 3, 0		-1	-1
286	285	2280	2280	2.0	0	0	4/2	13	1	V		D	IV		V	V							M	0	0	1, 5, 2		1	1
286	285	2282	2282	1.0	1/2	1/2	4/2	13	1	I		D	IV		I	I							M	0	0	0, 4, 1		0	0
286	285	2283	2283	1.0	3/4	3/4	4/2	13	1	IV		D	IV		IV	IV							M	0	0	-1, 3, 0		-1	-1
286	285	2284	2284	4.0	1	1	4/2	13	1	V		D	IV		V	V							M	0	0	1, 5, 2		1	1
287	286	2288	2288	3.0	0	0	4/2	13	1	I		D	IV		I	I							M	0	0	0, 4, 1		0	0
287	286	2291	2291	1.0	3/4	3/4	4/2	13	1	IV		D	IV		IV	IV							M	0	0	-1, 3, 0		-1	-1
287	286	2292	2292	3.0	1	1	4/2	13	1	bVII		D	IV		bVII	bVII							M	0	0	-2, 2, -1		-2	-2
287	286	2295	2295	1.0	7/4	7/4	4/2	13	1	V		D	IV		V	V							M	0	0	1, 5, 2		1	1
288	287	2296	2296	1.0	0	0	4/2	13	1	I}		D	IV		I	I						}	M	0	0	0, 4, 1		0	0
288	287	2297	2297	1.0	1/4	1/4	4/2	13	1	IV		D	IV		IV	IV							M	0	0	-1, 3, 0		-1	-1
288	287	2298	2298	2.0	1/2	1/2	4/2	13	1	v		D	IV		v	v							m	0	0	1, -2, 2		1	1
288	287	2300	2300	4.0	1	1	4/2	13	1	V/v|HC		D	IV		V/v	V				v	HC		M	0	0	2, 6, 3		2	2
289	288	2304	2304	2.0	0	0	4/2	13	1	i/v{		D	IV		i/v	i				v		{	m	0	0	1, -2, 2		1	1
289	288	2306	2306	1.0	1/2	1/2	4/2	13	1	VI/v		D	IV		VI/v	VI				v			M	0	0	-3, 1, -2		-3	-3
289	288	2307	2307	1.0	3/4	3/4	4/2	13	1	V/III/v		D	IV		V/III/v	V				III/v			M	0	0	-1, 3, 0		-1	-1
289	288	2308	2308	2.0	1	1	4/2	13	1	III/v		D	IV		III/v	III				v			M	0	0	-2, 2, -1		-2	-2
289	288	2310	2310	2.0	3/2	3/2	4/2	13	1	V/III/v		D	IV		V/III/v	V				III/v			M	0	0	-1, 3, 0		-1	-1
290	289	2312	2312	2.0	0	0	4/2	13	1	III/v		D	IV		III/v	III				v			M	0	0	-2, 2, -1		-2	-2
290	289	2314	2314	2.0	1/2	1/2	4/2	13	1	III6/v		D	IV		III6/v	III		6		v			M	0	0	2, -1, -2		-2	2
290	289	2316	2316	4.0	1	1	4/2	13	1	VI/v		D	IV		VI/v	VI				v			M	0	0	-3, 1, -2		-3	-3
291	290	2320	2320	1.0	0	0	4/2	13	1	V7/v}		D	IV		V7/v	V		7		v		}	Mm7	0	0	2, 6, 3, 0		2	2
291	290	2321	2321	1.0	1/4	1/4	4/2	13	1	V(64)/v		D	IV		V(64)/v	V			64	v			M	0	0	2, 1, -2		2	2
291	290	2322	2322	1.0	1/2	1/2	4/2	13	1	V(4)/v		D	IV		V(4)/v	V			4	v			M	0	0	2, 1, 3		2	2
291	290	2323	2323	1.0	3/4	3/4	4/2	13	1	V/v		D	IV		V/v	V				v			M	0	0	2, 6, 3		2	2
291	290	2324	2324	4.0	1	1	4/2	13	1	i/v|PAC		D	IV		i/v	i				v	PAC		m	0	0	1, -2, 2		1	1
292	291	2328	2328	1.0	0	0	4/2	13	1	iv.V{		D	iv		V	V						{	M	0	1	1, 5, 2		1	1
292	291	2329	2329	1.0	1/4	1/4	4/2	13	1	V/IV		D	iv		V/IV	V				IV			M	0	1	0, 4, 1		0	0
292	291	2330	2330	1.0	1/2	1/2	4/2	13	1	IV		D	iv		IV	IV							M	0	1	-1, 3, 0		-1	-1
292	291	2331	2331	1.0	3/4	3/4	4/2	13	1	#viio6		D	iv		#viio6	#vii	o	6					o	0	1	2, -1, 5		5	2
292	291	2332	2332	4.0	1	1	4/2	13	1	I		D	iv		I	I							M	0	1	0, 4, 1		0	0
293	292	2336	2336	4.0	0	0	4/2	13	1	IV		D	iv		IV	IV							M	0	1	-1, 3, 0		-1	-1
293	292	2340	2340	2.0	1	1	4/2	13	1	IV/VII		D	iv		IV/VII	IV				VII			M	0	1	-3, 1, -2		-3	-3
293	292	2342	2342	2.0	3/2	3/2	4/2	13	1	V/VII		D	iv		V/VII	V				VII			M	0	1	-1, 3, 0		-1	-1
294	293	2344	2344	2.0	0	0	4/2	13	1	I/VII		D	iv		I/VII	I				VII			M	0	1	-2, 2, -1		-2	-2
294	293	2346	2346	2.0	1/2	1/2	4/2	13	1	III		D	iv		III	III							M	0	1	-3, 1, -2		-3	-3
294	293	2348	2348	1.0	1	1	4/2	13	1	IV/III		D	iv		IV/III	IV				III			M	0	1	-4, 0, -3		-4	-4
294	293	2349	2349	1.0	5/4	5/4	4/2	13	1	vi/III		D	iv		vi/III	vi				III			m	0	1	0, -3, 1		0	0
294	293	2350	2350	3.0	3/2	3/2	4/2	13	1	V/III		D	iv		V/III	V				III			M	0	1	-2, 2, -1		-2	-2
295	294	2353	2353	1.0	1/4	1/4	4/2	13	1	I/III		D	iv		I/III	I				III			M	0	1	-3, 1, -2		-3	-3
295	294	2354	2354	2.0	1/2	1/2	4/2	13	1	IV/III		D	iv		IV/III	IV				III			M	0	1	-4, 0, -3		-4	-4
295	294	2356	2356	1.0	1	1	4/2	13	1	III		D	iv		III	III							M	0	1	-3, 1, -2		-3	-3
295	294	2357	2357	1.0	5/4	5/4	4/2	13	1	iv		D	iv		iv	iv							m	0	1	-1, -4, 0		-1	-1
295	294	2358	2358	1.0	3/2	3/2	4/2	13	1	V(4)/iv		D	iv		V(4)/iv	V			4	iv			M	0	1	0, -1, 1		0	0
295	294	2359	2359	1.0	7/4	7/4	4/2	13	1	V/iv		D	iv		V/iv	V				iv			M	0	1	0, 4, 1		0	0
296	295	2360	2360	4.0	0	0	4/2	13	1	i/iv|PAC}{		D	iv		i/iv	i				iv	PAC	}{	m	0	1	-1, -4, 0		-1	-1
296	295	2364	2364	3.0	1	1	4/2	13	1	VII		D	iv		VII	VII							M	0	1	-2, 2, -1		-2	-2
296	295	2367	2367	1.0	7/4	7/4	4/2	13	1	v		D	iv		v	v							m	0	1	1, -2, 2		1	1
297	296	2368	2368	2.0	0	0	4/2	13	1	III		D	iv		III	III							M	0	1	-3, 1, -2		-3	-3
297	296	2370	2370	2.0	1/2	1/2	4/2	13	1	VII		D	iv		VII	VII							M	0	1	-2, 2, -1		-2	-2
297	296	2372	2372	4.0	1	1	4/2	13	1	i		D	iv		i	i							m	0	1	0, -3, 1		0	0
298	297	2376	2376	4.0	0	0	4/2	13	1	V		D	iv		V	V							M	0	1	1, 5, 2		1	1
298	297	2380	2380	2.0	1	1	4/2	13	1	i		D	iv		i	i							m	0	1	0, -3, 1		0	0
298	297	2382	2382	2.0	3/2	3/2	4/2	13	1	iv6		D	iv		iv6	iv		6					m	0	1	-4, 0, -1		-1	-4
299	298	2384	2384	2.0	0	0	4/2	13	1	v		D	iv		v	v							m	0	1	1, -2, 2		1	1
299	298	2386	2386	2.0	1/2	1/2	4/2	13	1	iv		D	iv		iv	iv							m	0	1	-1, -4, 0		-1	-1
299	298	2388	2388	1.0	1	1	4/2	13	1	V7		D	iv		V7	V		7					Mm7	0	1	1, 5, 2, -1		1	1
299	298	2389	2389	1.0	5/4	5/4	4/2	13	1	V(64)		D	iv		V(64)	V			64				M	0	1	1, 0, -3		1	1
299	298	2390	2390	1.0	3/2	3/2	4/2	13	1	V(4)		D	iv		V(4)	V			4				M	0	1	1, 0, 2		1	1
299	298	2391	2391	1.0	7/4	7/4	4/2	13	1	V		D	iv		V	V							M	0	1	1, 5, 2		1	1
300	299	2392	2392	12.0	0	0	4/2	13	1	I|PAC}		D	iv		I	I					PAC	}	M	0	1	0, 4, 1		0	0
300	299	2396	2396	0.0	1	1	4/2	13	1	{		D	iv									{		0	1				
301	300	2404	2404	4.0	1	1	4/2	13	1	V/VII		D	iv		V/VII	V				VII			M	0	1	-1, 3, 0		-1	-1
302	301	2408	2408	6.0	0	0	4/2	13	1	VII		D	iv		VII	VII							M	0	1	-2, 2, -1		-2	-2
302	301	2414	2414	2.0	3/2	3/2	4/2	13	1	viio6(+4)/V		D	iv		viio6(+4)/V	vii	o	6	+4	V			o	0	1	3, 0, 6	5	6	3
303	302	2416	2416	4.0	0	0	4/2	13	1	V		D	iv		V	V							M	0	1	1, 5, 2		1	1
303	302	2420	2420	4.0	1	1	4/2	13	1	i		D	iv		i	i							m	0	1	0, -3, 1		0	0
304	303	2424	2424	4.0	0	0	4/2	13	1	V		D	iv		V	V							M	0	1	1, 5, 2		1	1
304	303	2428	2428	4.0	1	1	4/2	13	1	I		D	iv		I	I							M	0	1	0, 4, 1		0	0
305	304	2432	2432	2.0	0	0	4/2	13	1	IV}		D	iv		IV	IV						}	M	0	1	-1, 3, 0		-1	-1
305	304	2434	2434	2.0	1/2	1/2	4/2	13	1	#viio6		D	iv		#viio6	#vii	o	6					o	0	1	2, -1, 5		5	2
305	304	2436	2436	4.0	1	1	4/2	13	1	I|IAC		D	iv		I	I					IAC		M	0	1	0, 4, 1		0	0
