mc	mn	mc_onset	mn_onset	timesig	staff	voice	label	alt_label	globalkey	localkey	pedal	chord	numeral	form	figbass	changes	relativeroot	cadence	phraseend	chord_type	globalkey_is_minor	localkey_is_minor	chord_tones	added_tones	root	bass_note	n_colored	n_untouched	count_ratio	dur_colored	dur_untouched	dur_ratio
2	1	0	0	4/2	17	1	C.I{		C	I		I	I						{	M	0	0	0, 4, 1		0	0	0	12	0.0	0.0	5.0	0.0
3	2	1/2	1/2	4/2	17	1	V		C	I		V	V							M	0	0	1, 5, 2		1	1	0	4	0.0	0.0	1.0	0.0
3	2	1	1	4/2	17	1	I		C	I		I	I							M	0	0	0, 4, 1		0	0	0	3	0.0	0.0	1.0	0.0
3	2	3/2	3/2	4/2	17	1	I6		C	I		I6	I		6					M	0	0	4, 1, 0		0	4	0	2	0.0	0.0	0.625	0.0
3	2	7/4	7/4	4/2	17	1	ii6		C	I		ii6	ii		6					m	0	0	-1, 3, 2		2	-1	1	2	0.3333333333333333	0.0625	0.3125	0.16666666666666666
4	3	0	0	4/2	17	1	V|HC}		C	I		V	V					HC	}	M	0	0	1, 5, 2		1	1	0	5	0.0	0.0	1.75	0.0
4	3	1	1	4/2	17	1	I		C	I		I	I							M	0	0	0, 4, 1		0	0	1	4	0.2	0.125	0.875	0.125
4	3	3/2	3/2	4/2	17	1	IV		C	I		IV	IV							M	0	0	-1, 3, 0		-1	-1	0	3	0.0	0.0	1.0	0.0
5	4	0	0	4/2	17	1	IV		C	I		IV	IV							M	0	0	-1, 3, 0		-1	-1	0	2	0.0	0.0	0.5	0.0
5	4	1/4	1/4	4/2	17	1	V		C	I		V	V							M	0	0	1, 5, 2		1	1	0	3	0.0	0.0	0.5	0.0
5	4	1/2	1/2	4/2	17	1	I		C	I		I	I							M	0	0	0, 4, 1		0	0	0	3	0.0	0.0	1.0	0.0
5	4	1	1	4/2	17	1	V		C	I		V	V							M	0	0	1, 5, 2		1	1	0	4	0.0	0.0	1.0	0.0
5	4	3/2	3/2	4/2	17	1	IV6		C	I		IV6	IV		6					M	0	0	3, 0, -1		-1	3	0	2	0.0	0.0	0.5	0.0
5	4	7/4	7/4	4/2	17	1	V6		C	I		V6	V		6					M	0	0	5, 2, 1		1	5	0	2	0.0	0.0	0.5	0.0
6	5	0	0	4/2	17	1	I		C	I		I	I							M	0	0	0, 4, 1		0	0	0	4	0.0	0.0	2.0	0.0
6	5	1	1	4/2	17	1	ii		C	I		ii	ii							m	0	0	2, -1, 3		2	2	0	3	0.0	0.0	1.0	0.0
6	5	3/2	3/2	4/2	17	1	V/ii		C	I		V/ii	V				ii			M	0	0	3, 7, 4		3	3	0	3	0.0	0.0	1.0	0.0
7	6	0	0	4/2	17	1	I/ii|PAC}		C	I		I/ii	I				ii	PAC	}	M	0	0	2, 6, 3		2	2	0	3	0.0	0.0	1.75	0.0
7	6	1	1	4/2	17	1	V		C	I		V	V							M	0	0	1, 5, 2		1	1	1	4	0.2	0.125	0.875	0.125
7	6	3/2	3/2	4/2	17	1	I		C	I		I	I							M	0	0	0, 4, 1		0	0	0	3	0.0	0.0	1.0	0.0
8	7	0	0	4/2	17	1	viio6/V}		C	I		viio6/V	vii	o	6		V		}	o	0	0	3, 0, 6		6	3	2	2	0.5	0.375	0.625	0.375
8	7	1/2	1/2	4/2	17	1	V		C	I		V	V							M	0	0	1, 5, 2		1	1	0	2	0.0	0.0	1.0	0.0
8	7	1	1	4/2	17	1	I|PAC		C	I		I	I					PAC		M	0	0	0, 4, 1		0	0	0	2	0.0	0.0	2.0	0.0
9	8	0	0	4/2	17	1	I/V{		C	I		I/V	I				V		{	M	0	0	1, 5, 2		1	1	2	9	0.18181818181818182	0.3125	2.6875	0.10416666666666667
9	8	3/2	3/2	4/2	17	1	V/V		C	I		V/V	V				V			M	0	0	2, 6, 3		2	2	1	8	0.1111111111111111	0.125	2.625	0.045454545454545456
10	9	1	1	4/2	17	1	I/V		C	I		I/V	I				V			M	0	0	1, 5, 2		1	1	0	3	0.0	0.0	1.0	0.0
10	9	3/2	3/2	4/2	17	1	V/V		C	I		V/V	V				V			M	0	0	2, 6, 3		2	2	1	2	0.3333333333333333	0.125	0.875	0.125
11	10	0	0	4/2	17	1	ii/V		C	I		ii/V	ii				V			m	0	0	3, 0, 4		3	3	1	3	0.25	0.125	0.875	0.125
11	10	1/2	1/2	4/2	17	1	vi/V		C	I		vi/V	vi				V			m	0	0	4, 1, 5		4	4	0	3	0.0	0.0	1.0	0.0
11	10	1	1	4/2	17	1	I6/V		C	I		I6/V	I		6		V			M	0	0	5, 2, 1		1	5	0	3	0.0	0.0	1.0	0.0
11	10	3/2	3/2	4/2	17	1	V(4)/V		C	I		V(4)/V	V			4	V			M	0	0	2, 1, 3		2	2	0	2	0.0	0.0	1.0	0.0
11	10	7/4	7/4	4/2	17	1	V/V		C	I		V/V	V				V			M	0	0	2, 6, 3		2	2						
12	11	0	0	4/2	17	1	I/V|PAC}		C	I		I/V	I				V	PAC	}	M	0	0	1, 5, 2		1	1	0	2	0.0	0.0	2.0	0.0
12	11	1	1	4/2	17	1	I{		C	I		I	I						{	M	0	0	0, 4, 1		0	0	2	8	0.2	0.25	3.125	0.07407407407407407
13	12	3/4	3/4	4/2	17	1	V		C	I		V	V							M	0	0	1, 5, 2		1	1	0	3	0.0	0.0	0.5	0.0
13	12	1	1	4/2	17	1	I		C	I		I	I							M	0	0	0, 4, 1		0	0	0	4	0.0	0.0	2.0	0.0
14	13	0	0	4/2	17	1	IV		C	I		IV	IV							M	0	0	-1, 3, 0		-1	-1	0	3	0.0	0.0	0.5	0.0
14	13	1/4	1/4	4/2	17	1	IV6		C	I		IV6	IV		6					M	0	0	3, 0, -1		-1	3	1	2	0.3333333333333333	0.125	0.375	0.25
14	13	1/2	1/2	4/2	17	1	V		C	I		V	V							M	0	0	1, 5, 2		1	1	1	2	0.3333333333333333	0.125	0.875	0.125
14	13	1	1	4/2	17	1	V/ii		C	I		V/ii	V				ii			M	0	0	3, 7, 4		3	3	0	2	0.0	0.0	0.5	0.0
14	13	5/4	5/4	4/2	17	1	ii		C	I		ii	ii							m	0	0	2, -1, 3		2	2	0	2	0.0	0.0	0.5	0.0
14	13	3/2	3/2	4/2	17	1	V/ii		C	I		V/ii	V				ii			M	0	0	3, 7, 4		3	3	0	2	0.0	0.0	1.0	0.0
15	14	0	0	4/2	17	1	I/ii|PAC}		C	I		I/ii	I				ii	PAC	}	M	0	0	2, 6, 3		2	2	0	2	0.0	0.0	2.0	0.0
15	14	1	1	4/2	17	1	V{		C	I		V	V						{	M	0	0	1, 5, 2		1	1	1	5	0.16666666666666666	0.125	1.875	0.0625
16	15	0	0	4/2	17	1	I		C	I		I	I							M	0	0	0, 4, 1		0	0	1	6	0.14285714285714285	0.125	3.875	0.03125
17	16	0	0	4/2	17	1	IV		C	I		IV	IV							M	0	0	-1, 3, 0		-1	-1	0	4	0.0	0.0	1.0	0.0
17	16	1/2	1/2	4/2	17	1	bVII		C	I		bVII	bVII							M	0	0	-2, 2, -1		-2	-2	0	2	0.0	0.0	0.5	0.0
17	16	3/4	3/4	4/2	17	1	I		C	I		I	I							M	0	0	0, 4, 1		0	0	0	2	0.0	0.0	0.5	0.0
17	16	1	1	4/2	17	1	V		C	I		V	V							M	0	0	1, 5, 2		1	1	0	2	0.0	0.0	1.0	0.0
17	16	3/2	3/2	4/2	17	1	viio6/V		C	I		viio6/V	vii	o	6		V			o	0	0	3, 0, 6		6	3	2	2	0.5	0.375	0.625	0.375
18	17	0	0	4/2	17	1	V(4)}		C	I		V(4)	V			4			}	M	0	0	1, 0, 2		1	1	0	2	0.0	0.0	1.0	0.0
18	17	1/4	1/4	4/2	17	1	V		C	I		V	V							M	0	0	1, 5, 2		1	1						
18	17	1/2	1/2	4/2	17	1	I|PAC		C	I		I	I					PAC		M	0	0	0, 4, 1		0	0	0	2	0.0	0.0	1.0	0.0
18	17	1	1	4/2	17	1	I/V{		C	I		I/V	I				V		{	M	0	0	1, 5, 2		1	1	1	15	0.0625	0.125	7.875	0.015625
20	19	1	1	4/2	17	1	V/V		C	I		V/V	V				V			M	0	0	2, 6, 3		2	2	0	7	0.0	0.0	3.75	0.0
21	20	1	1	4/2	17	1	I/V		C	I		I/V	I				V			M	0	0	1, 5, 2		1	1	2	4	0.3333333333333333	0.375	1.625	0.1875
22	21	0	0	4/2	17	1	V/V		C	I		V/V	V				V			M	0	0	2, 6, 3		2	2	0	4	0.0	0.0	2.0	0.0
22	21	1	1	4/2	17	1	I/V		C	I		I/V	I				V			M	0	0	1, 5, 2		1	1	1	4	0.2	0.125	1.875	0.0625
23	22	0	0	4/2	17	1	IV/V		C	I		IV/V	IV				V			M	0	0	0, 4, 1		0	0	2	8	0.2	0.25	3.75	0.0625
24	23	0	0	4/2	17	1	V7/V}		C	I		V7/V	V		7		V		}	Mm7	0	0	2, 6, 3, 0		2	2	1	2	0.3333333333333333	0.125	0.625	0.16666666666666666
24	23	1/4	1/4	4/2	17	1	V(64)/V		C	I		V(64)/V	V			64	V			M	0	0	2, 1, 5		2	2	1	1	0.5	0.125	0.125	0.5
24	23	1/2	1/2	4/2	17	1	V(4)/V		C	I		V(4)/V	V			4	V			M	0	0	2, 1, 3		2	2	0	2	0.0	0.0	1.0	0.0
24	23	3/4	3/4	4/2	17	1	V/V		C	I		V/V	V				V			M	0	0	2, 6, 3		2	2						
24	23	1	1	4/2	17	1	I/V|PAC		C	I		I/V	I				V	PAC		M	0	0	1, 5, 2		1	1	0	2	0.0	0.0	2.0	0.0
25	24	0	0	4/2	17	1	bVII.I{		C	bVII		I	I						{	M	0	0	-2, 2, -1		-2	-2	0	9	0.0	0.0	2.875	0.0
25	24	3/2	3/2	4/2	17	1	ii		C	bVII		ii	ii							m	0	0	0, -3, 1		0	0	1	3	0.25	0.125	0.875	0.125
26	25	0	0	4/2	17	1	V/ii		C	bVII		V/ii	V				ii			M	0	0	1, 5, 2		1	1	1	3	0.25	0.25	1.75	0.125
26	25	1	1	4/2	17	1	ii		C	bVII		ii	ii							m	0	0	0, -3, 1		0	0	0	4	0.0	0.0	1.0	0.0
26	25	3/2	3/2	4/2	17	1	V		C	bVII		V	V							M	0	0	-1, 3, 0		-1	-1	3	4	0.42857142857142855	0.5	1.5	0.25
27	26	1/2	1/2	4/2	17	1	IV		C	bVII		IV	IV							M	0	0	-3, 1, -2		-3	-3	0	2	0.0	0.0	1.0	0.0
27	26	1	1	4/2	17	1	V7		C	bVII		V7	V		7					Mm7	0	0	-1, 3, 0, -3		-1	-1	0	2	0.0	0.0	0.75	0.0
27	26	5/4	5/4	4/2	17	1	V(64)		C	bVII		V(64)	V			64				M	0	0	-1, -2, 2		-1	-1	0	1	0.0	0.0	0.25	0.0
27	26	3/2	3/2	4/2	17	1	V(4)		C	bVII		V(4)	V			4				M	0	0	-1, -2, 0		-1	-1	0	2	0.0	0.0	1.0	0.0
27	26	7/4	7/4	4/2	17	1	V		C	bVII		V	V							M	0	0	-1, 3, 0		-1	-1						
28	27	0	0	4/2	17	1	I|PAC}		C	bVII		I	I					PAC	}	M	0	0	-2, 2, -1		-2	-2	0	2	0.0	0.0	2.0	0.0
28	27	1	1	4/2	17	1	V/vi{		C	bVII		V/vi	V				vi		{	M	0	0	2, 6, 3		2	2	0	4	0.0	0.0	1.0	0.0
28	27	3/2	3/2	4/2	17	1	vi		C	bVII		vi	vi							m	0	0	1, -2, 2		1	1	0	3	0.0	0.0	1.0	0.0
29	28	0	0	4/2	17	1	V		C	bVII		V	V							M	0	0	-1, 3, 0		-1	-1	0	5	0.0	0.0	2.0	0.0
29	28	1	1	4/2	17	1	I		C	bVII		I	I							M	0	0	-2, 2, -1		-2	-2	1	4	0.2	0.125	1.875	0.0625
30	29	0	0	4/2	17	1	IV		C	bVII		IV	IV							M	0	0	-3, 1, -2		-3	-3	0	2	0.0	0.0	1.5	0.0
30	29	1/2	1/2	4/2	17	1	ii6		C	bVII		ii6	ii		6					m	0	0	-3, 1, 0		0	-3	0	2	0.0	0.0	0.5	0.0
30	29	1	1	4/2	17	1	V		C	bVII		V	V							M	0	0	-1, 3, 0		-1	-1	0	3	0.0	0.0	2.0	0.0
31	30	0	0	4/2	17	1	ii		C	bVII		ii	ii							m	0	0	0, -3, 1		0	0	2	4	0.3333333333333333	0.25	1.5	0.14285714285714285
31	30	1	1	4/2	17	1	vi		C	bVII		vi	vi							m	0	0	1, -2, 2		1	1	3	10	0.23076923076923078	0.375	3.625	0.09375
32	31	1	1	4/2	17	1	ii		C	bVII		ii	ii							m	0	0	0, -3, 1		0	0	0	3	0.0	0.0	1.0	0.0
32	31	3/2	3/2	4/2	17	1	vi		C	bVII		vi	vi							m	0	0	1, -2, 2		1	1	1	3	0.25	0.125	0.875	0.125
33	32	0	0	4/2	17	1	V/vi		C	bVII		V/vi	V				vi			M	0	0	2, 6, 3		2	2	0	3	0.0	0.0	1.0	0.0
33	32	1/2	1/2	4/2	17	1	i6/vi		C	bVII		i6/vi	i		6		vi			m	0	0	-2, 2, 1		1	-2	0	6	0.0	0.0	1.5	0.0
33	32	5/4	5/4	4/2	17	1	iv7/vi		C	bVII		iv7/vi	iv		7		vi			mm7	0	0	0, -3, 1, -2		0	0	0	2	0.0	0.0	0.375	0.0
33	32	3/2	3/2	4/2	17	1	V(4)/vi		C	bVII		V(4)/vi	V			4	vi			M	0	0	2, 1, 3		2	2	0	2	0.0	0.0	1.0	0.0
33	32	7/4	7/4	4/2	17	1	V/vi		C	bVII		V/vi	V				vi			M	0	0	2, 6, 3		2	2						
34	33	0	0	4/2	17	1	I/vi|PAC}		C	bVII		I/vi	I				vi	PAC	}	M	0	0	1, 5, 2		1	1	0	2	0.0	0.0	1.0	0.0
34	33	1/2	1/2	4/2	17	1	V.I{		C	V		I	I						{	M	0	0	1, 5, 2		1	1	0	2	0.0	0.0	0.75	0.0
34	33	1	1	4/2	17	1	IV		C	V		IV	IV							M	0	0	0, 4, 1		0	0	0	2	0.0	0.0	1.25	0.0
34	33	3/2	3/2	4/2	17	1	viio6/V		C	V		viio6/V	vii	o	6		V			o	0	0	4, 1, 7		7	4	0	2	0.0	0.0	0.75	0.0
35	34	0	0	4/2	17	1	V		C	V		V	V							M	0	0	2, 6, 3		2	2	0	3	0.0	0.0	1.0	0.0
35	34	1/2	1/2	4/2	17	1	I		C	V		I	I							M	0	0	1, 5, 2		1	1	0	6	0.0	0.0	2.75	0.0
36	35	0	0	4/2	17	1	IV		C	V		IV	IV							M	0	0	0, 4, 1		0	0	0	2	0.0	0.0	1.25	0.0
36	35	1/2	1/2	4/2	17	1	V7		C	V		V7	V		7					Mm7	0	0	2, 6, 3, 0		2	2	0	2	0.0	0.0	0.75	0.0
36	35	1	1	4/2	17	1	I		C	V		I	I							M	0	0	1, 5, 2		1	1	0	3	0.0	0.0	1.0	0.0
36	35	3/2	3/2	4/2	17	1	V		C	V		V	V							M	0	0	2, 6, 3		2	2	0	4	0.0	0.0	2.0	0.0
37	36	1/2	1/2	4/2	17	1	i6		C	V		i6	i		6					m	0	0	-2, 2, 1		1	-2	0	2	0.0	0.0	0.75	0.0
37	36	1	1	4/2	17	1	bVI		C	V		bVI	bVI							M	0	0	-3, 1, -2		-3	-3	1	2	0.3333333333333333	0.25	1.75	0.125
38	37	0	0	4/2	17	1	i(4)		C	V		i(4)	i			4				m	0	0	1, 0, 2		1	1	0	2	0.0	0.0	0.75	0.0
38	37	1/4	1/4	4/2	17	1	i		C	V		i	i							m	0	0	1, -2, 2		1	1	0	1	0.0	0.0	0.25	0.0
38	37	1/2	1/2	4/2	17	1	bVII		C	V		bVII	bVII							M	0	0	-1, 3, 0		-1	-1	3	6	0.3333333333333333	0.5625	2.4375	0.1875
39	38	0	0	4/2	17	1	V/IV}		C	V		V/IV	V				IV		}	M	0	0	1, 5, 2		1	1	0	2	0.0	0.0	0.75	0.0
39	38	1/4	1/4	4/2	17	1	V(4)/IV		C	V		V(4)/IV	V			4	IV			M	0	0	1, 0, 2		1	1	0	3	0.0	0.0	1.0	0.0
39	38	3/4	3/4	4/2	17	1	V/IV		C	V		V/IV	V				IV			M	0	0	1, 5, 2		1	1	0	1	0.0	0.0	0.25	0.0
39	38	1	1	4/2	17	1	I/IV|PAC		C	V		I/IV	I				IV	PAC		M	0	0	0, 4, 1		0	0	1	3	0.25	0.125	1.625	0.07142857142857142
40	39	0	0	4/2	17	1	i		C	V		i	i							m	0	0	1, -2, 2		1	1	1	3	0.25	0.125	0.875	0.125
40	39	1/2	1/2	4/2	17	1	V(4)		C	V		V(4)	V			4				M	0	0	2, 1, 3		2	2	0	2	0.0	0.0	1.0	0.0
40	39	3/4	3/4	4/2	17	1	V		C	V		V	V							M	0	0	2, 6, 3		2	2						
40	39	1	1	4/2	17	1	I		C	V		I	I							M	0	0	1, 5, 2		1	1	0	4	0.0	0.0	1.75	0.0
41	40	0	0	4/2	17	1	IV		C	V		IV	IV							M	0	0	0, 4, 1		0	0	0	2	0.0	0.0	1.25	0.0
41	40	1/2	1/2	4/2	17	1	V		C	V		V	V							M	0	0	2, 6, 3		2	2	0	2	0.0	0.0	0.75	0.0
41	40	1	1	4/2	17	1	I		C	V		I	I							M	0	0	1, 5, 2		1	1	0	4	0.0	0.0	2.0	0.0
42	41	0	0	4/2	17	1	IV		C	V		IV	IV							M	0	0	0, 4, 1		0	0	0	2	0.0	0.0	1.0	0.0
42	41	1/2	1/2	4/2	17	1	V		C	V		V	V							M	0	0	2, 6, 3		2	2	0	2	0.0	0.0	0.5	0.0
42	41	3/4	3/4	4/2	17	1	I		C	V		I	I							M	0	0	1, 5, 2		1	1	0	3	0.0	0.0	0.5	0.0
42	41	1	1	4/2	17	1	V		C	V		V	V							M	0	0	2, 6, 3		2	2	0	3	0.0	0.0	2.0	0.0
43	42	0	0	4/2	17	1	bIII		C	V		bIII	bIII							M	0	0	-2, 2, -1		-2	-2	1	3	0.25	0.25	0.75	0.25
43	42	1/2	1/2	4/2	17	1	i		C	V		i	i							m	0	0	1, -2, 2		1	1	0	2	0.0	0.0	0.5	0.0
43	42	3/4	3/4	4/2	17	1	bVII		C	V		bVII	bVII							M	0	0	-1, 3, 0		-1	-1	0	5	0.0	0.0	1.5	0.0
44	43	0	0	4/2	17	1	bIII		C	V		bIII	bIII							M	0	0	-2, 2, -1		-2	-2	2	7	0.2222222222222222	0.25	2.75	0.08333333333333333
44	43	3/2	3/2	4/2	17	1	bVII		C	V		bVII	bVII							M	0	0	-1, 3, 0		-1	-1	0	7	0.0	0.0	3.0	0.0
45	44	1	1	4/2	17	1	IV		C	V		IV	IV							M	0	0	0, 4, 1		0	0	3	3	0.5	0.5	1.5	0.25
46	45	0	0	4/2	17	1	V(6)}		C	V		V(6)	V			6			}	M	0	0	2, 6, 5		2	2	0	2	0.0	0.0	0.75	0.0
46	45	1/4	1/4	4/2	17	1	V(4)		C	V		V(4)	V			4				M	0	0	2, 1, 3		2	2	0	3	0.0	0.0	1.25	0.0
46	45	3/4	3/4	4/2	17	1	V		C	V		V	V							M	0	0	2, 6, 3		2	2						
46	45	1	1	4/2	17	1	I|PAC		C	V		I	I					PAC		M	0	0	1, 5, 2		1	1	0	2	0.0	0.0	2.0	0.0
47	46	0	0	4/2	17	1	IV.V{		C	IV		V	V						{	M	0	0	0, 4, 1		0	0	0	3	0.0	0.0	1.0	0.0
47	46	1/2	1/2	4/2	17	1	I		C	IV		I	I							M	0	0	-1, 3, 0		-1	-1	0	4	0.0	0.0	1.0	0.0
47	46	1	1	4/2	17	1	V		C	IV		V	V							M	0	0	0, 4, 1		0	0	1	8	0.1111111111111111	0.25	3.75	0.0625
48	47	1	1	4/2	17	1	I		C	IV		I	I							M	0	0	-1, 3, 0		-1	-1	0	4	0.0	0.0	1.875	0.0
49	48	0	0	4/2	17	1	IV		C	IV		IV	IV							M	0	0	-2, 2, -1		-2	-2	4	9	0.3076923076923077	0.5	3.5	0.125
50	49	0	0	4/2	17	1	I}		C	IV		I	I						}	M	0	0	-1, 3, 0		-1	-1	0	3	0.0	0.0	1.0	0.0
50	49	1/2	1/2	4/2	17	1	V6		C	IV		V6	V		6					M	0	0	4, 1, 0		0	4	0	2	0.0	0.0	0.5	0.0
50	49	3/4	3/4	4/2	17	1	IV/V		C	IV		IV/V	IV				V			M	0	0	-1, 3, 0		-1	-1	0	2	0.0	0.0	0.5	0.0
50	49	1	1	4/2	17	1	viio6(2)		C	IV		viio6(2)	vii	o	6	2				o	0	0	1, -2, -1		4	1	1	1	0.5	0.5	0.5	0.5
50	49	5/4	5/4	4/2	17	1	viio6		C	IV		viio6	vii	o	6					o	0	0	1, -2, 4		4	1						
50	49	3/2	3/2	4/2	17	1	I/V|IAC		C	IV		I/V	I				V	IAC		M	0	0	0, 4, 1		0	0	0	2	0.0	0.0	1.0	0.0
51	50	0	0	4/2	17	1	V.I{		C	V		I	I						{	M	0	0	1, 5, 2		1	1	5	15	0.25	1.0	6.75	0.12903225806451613
53	52	0	0	4/2	17	1	V		C	V		V	V							M	0	0	2, 6, 3		2	2	0	3	0.0	0.0	1.0	0.0
53	52	1/2	1/2	4/2	17	1	ii		C	V		ii	ii							m	0	0	3, 0, 4		3	3	1	3	0.25	0.125	0.875	0.125
53	52	1	1	4/2	17	1	I6		C	V		I6	I		6					M	0	0	5, 2, 1		1	5	0	2	0.0	0.0	0.625	0.0
53	52	5/4	5/4	4/2	17	1	ii6		C	V		ii6	ii		6					m	0	0	0, 4, 3		3	0	0	2	0.0	0.0	0.375	0.0
53	52	3/2	3/2	4/2	17	1	V(4)		C	V		V(4)	V			4				M	0	0	2, 1, 3		2	2	0	2	0.0	0.0	1.0	0.0
53	52	7/4	7/4	4/2	17	1	V		C	V		V	V							M	0	0	2, 6, 3		2	2						
54	53	0	0	4/2	17	1	I|PAC}		C	V		I	I					PAC	}	M	0	0	1, 5, 2		1	1	0	2	0.0	0.0	1.0	0.0
54	53	1/2	1/2	4/2	17	1	bIII{		C	V		bIII	bIII						{	M	0	0	-2, 2, -1		-2	-2	4	11	0.26666666666666666	1.375	5.25	0.20754716981132076
56	55	0	0	4/2	17	1	v		C	V		v	v							m	0	0	2, -1, 3		2	2	0	4	0.0	0.0	1.0	0.0
56	55	1/2	1/2	4/2	17	1	viio6(62)/IV		C	V		viio6(62)/IV	vii	o	6	62	IV			o	0	0	2, 1, 0		5	2	0	2	0.0	0.0	0.625	0.0
56	55	3/4	3/4	4/2	17	1	viio6/IV		C	V		viio6/IV	vii	o	6		IV			o	0	0	2, -1, 5		5	2	0	2	0.0	0.0	0.375	0.0
56	55	1	1	4/2	17	1	I/IV		C	V		I/IV	I				IV			M	0	0	0, 4, 1		0	0	0	5	0.0	0.0	2.0	0.0
57	56	0	0	4/2	17	1	V(4)/IV		C	V		V(4)/IV	V			4	IV			M	0	0	1, 0, 2		1	1	0	2	0.0	0.0	1.75	0.0
57	56	1/2	1/2	4/2	17	1	V/IV		C	V		V/IV	V				IV			M	0	0	1, 5, 2		1	1	1	1	0.5	0.125	0.125	0.5
57	56	1	1	4/2	17	1	IV		C	V		IV	IV							M	0	0	0, 4, 1		0	0	0	3	0.0	0.0	1.0	0.0
57	56	3/2	3/2	4/2	17	1	V		C	V		V	V							M	0	0	2, 6, 3		2	2	1	3	0.25	0.125	0.875	0.125
58	57	0	0	4/2	17	1	I		C	V		I	I							M	0	0	1, 5, 2		1	1	0	3	0.0	0.0	1.0	0.0
58	57	1/2	1/2	4/2	17	1	V		C	V		V	V							M	0	0	2, 6, 3		2	2	0	3	0.0	0.0	1.0	0.0
58	57	1	1	4/2	17	1	viio6(2)/V		C	V		viio6(2)/V	vii	o	6	2	V			o	0	0	4, 1, 2		7	4	0	2	0.0	0.0	0.875	0.0
58	57	5/4	5/4	4/2	17	1	viio6/V		C	V		viio6/V	vii	o	6		V			o	0	0	4, 1, 7		7	4	0	1	0.0	0.0	0.125	0.0
58	57	3/2	3/2	4/2	17	1	V(4)		C	V		V(4)	V			4				M	0	0	2, 1, 3		2	2	0	2	0.0	0.0	1.0	0.0
58	57	7/4	7/4	4/2	17	1	V		C	V		V	V							M	0	0	2, 6, 3		2	2						
59	58	0	0	4/2	17	1	I|PAC}		C	V		I	I					PAC	}	M	0	0	1, 5, 2		1	1	0	4	0.0	0.0	2.75	0.0
59	58	3/2	3/2	4/2	17	1	IV		C	V		IV	IV							M	0	0	0, 4, 1		0	0	0	3	0.0	0.0	1.0	0.0
60	59	0	0	4/2	17	1	I		C	V		I	I							M	0	0	1, 5, 2		1	1	0	4	0.0	0.0	1.875	0.0
60	59	1	1	4/2	17	1	I/IV		C	V		I/IV	I				IV			M	0	0	0, 4, 1		0	0	2	6	0.25	0.25	1.75	0.125
61	60	0	0	4/2	17	1	IV/IV}		C	V		IV/IV	IV				IV		}	M	0	0	-1, 3, 0		-1	-1	2	3	0.4	0.375	1.625	0.1875
61	60	1	1	4/2	17	1	V/IV|HC		C	V		V/IV	V				IV	HC		M	0	0	1, 5, 2		1	1	0	9	0.0	0.0	3.75	0.0
62	61	1	1	4/2	17	1	V/bVII		C	V		V/bVII	V				bVII			M	0	0	0, 4, 1		0	0	1	4	0.2	0.125	0.875	0.125
62	61	3/2	3/2	4/2	17	1	I/bVII		C	V		I/bVII	I				bVII			M	0	0	-1, 3, 0		-1	-1	0	5	0.0	0.0	2.25	0.0
63	62	1/2	1/2	4/2	17	1	V7/IV/bVII		C	V		V7/IV/bVII	V		7		IV/bVII			Mm7	0	0	-1, 3, 0, -3		-1	-1	2	2	0.5	0.25	0.25	0.5
63	62	1	1	4/2	17	1	IV/bVII		C	V		IV/bVII	IV				bVII			M	0	0	-2, 2, -1		-2	-2	1	6	0.14285714285714285	0.125	2.875	0.041666666666666664
64	63	1/2	1/2	4/2	17	1	iv		C	V		iv	iv							m	0	0	0, -3, 1		0	0	0	2	0.0	0.0	1.0	0.0
64	63	1	1	4/2	17	1	ii6/iv		C	V		ii6/iv	ii		6		iv			m	0	0	-1, 3, 2		2	-1	1	5	0.16666666666666666	0.125	1.875	0.0625
65	64	0	0	4/2	17	1	V7/iv}		C	V		V7/iv	V		7		iv		}	Mm7	0	0	1, 5, 2, -1		1	1	0	2	0.0	0.0	0.75	0.0
65	64	1/4	1/4	4/2	17	1	V(64)/iv		C	V		V(64)/iv	V			64	iv			M	0	0	1, 0, -3		1	1	0	1	0.0	0.0	0.25	0.0
65	64	1/2	1/2	4/2	17	1	V(4)/iv		C	V		V(4)/iv	V			4	iv			M	0	0	1, 0, 2		1	1	0	2	0.0	0.0	1.0	0.0
65	64	3/4	3/4	4/2	17	1	V/iv		C	V		V/iv	V				iv			M	0	0	1, 5, 2		1	1						
65	64	1	1	4/2	17	1	I/iv|PAC		C	V		I/iv	I				iv	PAC		M	0	0	0, 4, 1		0	0	0	2	0.0	0.0	2.0	0.0
66	65	0	0	4/2	17	1	I{		C	V		I	I						{	M	0	0	1, 5, 2		1	1	3	16	0.15789473684210525	0.5	6.5	0.07142857142857142
67	66	3/2	3/2	4/2	17	1	IV		C	V		IV	IV							M	0	0	0, 4, 1		0	0	0	9	0.0	0.0	4.0	0.0
68	67	3/2	3/2	4/2	17	1	I		C	V		I	I							M	0	0	1, 5, 2		1	1	1	3	0.25	0.125	0.875	0.125
69	68	0	0	4/2	17	1	V(4)}		C	V		V(4)	V			4			}	M	0	0	2, 1, 3		2	2	0	2	0.0	0.0	2.0	0.0
69	68	1/2	1/2	4/2	17	1	V		C	V		V	V							M	0	0	2, 6, 3		2	2						
69	68	1	1	4/2	17	1	I|PAC		C	V		I	I					PAC		M	0	0	1, 5, 2		1	1	4	11	0.26666666666666666	0.75	7.125	0.09523809523809523
71	70	1	1	4/2	17	1	V		C	V		V	V							M	0	0	2, 6, 3		2	2	3	4	0.42857142857142855	0.5	1.5	0.25
72	71	0	0	4/2	17	1	V/ii}		C	V		V/ii	V				ii		}	M	0	0	4, 8, 5		4	4	0	2	0.0	0.0	0.75	0.0
72	71	1/4	1/4	4/2	17	1	V(4)/ii		C	V		V(4)/ii	V			4	ii			M	0	0	4, 3, 5		4	4	0	4	0.0	0.0	1.125	0.0
72	71	3/4	3/4	4/2	17	1	V/ii		C	V		V/ii	V				ii			M	0	0	4, 8, 5		4	4	0	1	0.0	0.0	0.125	0.0
72	71	1	1	4/2	17	1	I/ii|PAC		C	V		I/ii	I				ii	PAC		M	0	0	3, 7, 4		3	3	0	3	0.0	0.0	1.75	0.0
73	72	0	0	4/2	17	1	V{		C	V		V	V						{	M	0	0	2, 6, 3		2	2	3	9	0.25	0.375	3.625	0.09375
74	73	0	0	4/2	17	1	I6}		C	V		I6	I		6				}	M	0	0	5, 2, 1		1	5	0	3	0.0	0.0	1.0	0.0
74	73	1/2	1/2	4/2	17	1	V(4)		C	V		V(4)	V			4				M	0	0	2, 1, 3		2	2	0	2	0.0	0.0	1.0	0.0
74	73	3/4	3/4	4/2	17	1	V		C	V		V	V							M	0	0	2, 6, 3		2	2						
74	73	1	1	4/2	17	1	I|PAC		C	V		I	I					PAC		M	0	0	1, 5, 2		1	1	0	4	0.0	0.0	3.5	0.0
75	74	1	1	4/2	17	1	IV		C	V		IV	IV							M	0	0	0, 4, 1		0	0	2	7	0.2222222222222222	0.25	2.75	0.08333333333333333
76	75	1/2	1/2	4/2	17	1	V		C	V		V	V							M	0	0	2, 6, 3		2	2	0	3	0.0	0.0	1.0	0.0
76	75	1	1	4/2	17	1	viio6(2)/V/V		C	V		viio6(2)/V/V	vii	o	6	2	V/V			o	0	0	5, 2, 3		8	5	0	2	0.0	0.0	0.75	0.0
76	75	5/4	5/4	4/2	17	1	viio6/V/V		C	V		viio6/V/V	vii	o	6		V/V			o	0	0	5, 2, 8		8	5	0	2	0.0	0.0	0.25	0.0
76	75	3/2	3/2	4/2	17	1	V/V|HC		C	V		V/V	V				V	HC		M	0	0	3, 7, 4		3	3	0	2	0.0	0.0	1.0	0.0
77	76	0	0	4/2	17	1	IV6/V{		C	V		IV6/V	IV		6		V		{	M	0	0	5, 2, 1		1	5	0	2	0.0	0.0	0.75	0.0
77	76	1/2	1/2	4/2	17	1	V6/V		C	V		V6/V	V		6		V			M	0	0	7, 4, 3		3	7	1	2	0.3333333333333333	0.125	0.875	0.125
77	76	1	1	4/2	17	1	I/V		C	V		I/V	I				V			M	0	0	2, 6, 3		2	2	0	4	0.0	0.0	2.0	0.0
78	77	0	0	4/2	17	1	viio6(2)/V/V		C	V		viio6(2)/V/V	vii	o	6	2	V/V			o	0	0	5, 2, 3		8	5	2	1	0.6666666666666666	0.25	0.5	0.3333333333333333
78	77	1/4	1/4	4/2	17	1	viio6/V/V		C	V		viio6/V/V	vii	o	6		V/V			o	0	0	5, 2, 8		8	5	1	1	0.5	0.125	0.125	0.5
78	77	1/2	1/2	4/2	17	1	V/V		C	V		V/V	V				V			M	0	0	3, 7, 4		3	3	0	2	0.0	0.0	1.0	0.0
78	77	1	1	4/2	17	1	I/V		C	V		I/V	I				V			M	0	0	2, 6, 3		2	2	0	2	0.0	0.0	0.5	0.0
78	77	5/4	5/4	4/2	17	1	V6/V		C	V		V6/V	V		6		V			M	0	0	7, 4, 3		3	7	0	2	0.0	0.0	1.0	0.0
78	77	7/4	7/4	4/2	17	1	I/V		C	V		I/V	I				V			M	0	0	2, 6, 3		2	2	0	2	0.0	0.0	0.5	0.0
79	78	0	0	4/2	17	1	viio6(2)/V/V}		C	V		viio6(2)/V/V	vii	o	6	2	V/V		}	o	0	0	5, 2, 3		8	5	0	2	0.0	0.0	1.0	0.0
79	78	1/4	1/4	4/2	17	1	viio6/V/V		C	V		viio6/V/V	vii	o	6		V/V			o	0	0	5, 2, 8		8	5						
79	78	1/2	1/2	4/2	17	1	V/V|HC		C	V		V/V	V				V	HC		M	0	0	3, 7, 4		3	3	0	2	0.0	0.0	1.0	0.0
79	78	1	1	4/2	17	1	V{		C	V		V	V						{	M	0	0	2, 6, 3		2	2	0	6	0.0	0.0	1.75	0.0
80	79	0	0	4/2	17	1	I		C	V		I	I							M	0	0	1, 5, 2		1	1	1	5	0.16666666666666666	0.125	1.875	0.0625
80	79	1	1	4/2	17	1	IV		C	V		IV	IV							M	0	0	0, 4, 1		0	0	0	5	0.0	0.0	2.0	0.0
81	80	0	0	4/2	17	1	bVII		C	V		bVII	bVII							M	0	0	-1, 3, 0		-1	-1	2	6	0.25	0.625	2.625	0.19230769230769232
81	80	3/2	3/2	4/2	17	1	i		C	V		i	i							m	0	0	1, -2, 2		1	1	0	2	0.0	0.0	0.75	0.0
82	81	0	0	4/2	17	1	V		C	V		V	V							M	0	0	2, 6, 3		2	2	4	7	0.36363636363636365	0.625	3.375	0.15625
83	82	0	0	4/2	17	1	i		C	V		i	i							m	0	0	1, -2, 2		1	1	0	6	0.0	0.0	1.75	0.0
83	82	1	1	4/2	17	1	I		C	V		I	I							M	0	0	1, 5, 2		1	1	0	3	0.0	0.0	1.25	0.0
83	82	3/2	3/2	4/2	17	1	V(6)		C	V		V(6)	V			6				M	0	0	2, 6, 5		2	2	0	1	0.0	0.0	0.5	0.0
83	82	7/4	7/4	4/2	17	1	V		C	V		V	V							M	0	0	2, 6, 3		2	2	1	1	0.5	0.125	0.125	0.5
84	83	0	0	4/2	17	1	I		C	V		I	I							M	0	0	1, 5, 2		1	1	0	4	0.0	0.0	2.0	0.0
84	83	1	1	4/2	17	1	IV		C	V		IV	IV							M	0	0	0, 4, 1		0	0	0	2	0.0	0.0	1.0	0.0
84	83	3/2	3/2	4/2	17	1	V		C	V		V	V							M	0	0	2, 6, 3		2	2	1	3	0.25	0.125	0.875	0.125
85	84	0	0	4/2	17	1	I		C	V		I	I							M	0	0	1, 5, 2		1	1	3	10	0.23076923076923078	0.3125	3.6875	0.078125
86	85	0	0	4/2	17	1	V		C	V		V	V							M	0	0	2, 6, 3		2	2	1	7	0.125	0.125	1.875	0.0625
86	85	1	1	4/2	17	1	ii		C	V		ii	ii							m	0	0	3, 0, 4		3	3	0	5	0.0	0.0	2.0	0.0
87	86	0	0	4/2	17	1	bVII		C	V		bVII	bVII							M	0	0	-1, 3, 0		-1	-1	0	4	0.0	0.0	1.0	0.0
87	86	1/2	1/2	4/2	17	1	bVII6		C	V		bVII6	bVII		6					M	0	0	3, 0, -1		-1	3	0	3	0.0	0.0	1.0	0.0
87	86	1	1	4/2	17	1	V(6)/bVII		C	V		V(6)/bVII	V			6	bVII			M	0	0	0, 4, 3		0	0	0	2	0.0	0.0	0.75	0.0
87	86	5/4	5/4	4/2	17	1	V/bVII		C	V		V/bVII	V				bVII			M	0	0	0, 4, 1		0	0	1	1	0.5	0.0625	0.1875	0.25
87	86	3/2	3/2	4/2	17	1	I/bVII		C	V		I/bVII	I				bVII			M	0	0	-1, 3, 0		-1	-1	0	7	0.0	0.0	3.0	0.0
88	87	1	1	4/2	17	1	IV/bVII		C	V		IV/bVII	IV				bVII			M	0	0	-2, 2, -1		-2	-2	0	5	0.0	0.0	1.0	0.0
88	87	3/2	3/2	4/2	17	1	I/bVII		C	V		I/bVII	I				bVII			M	0	0	-1, 3, 0		-1	-1	0	3	0.0	0.0	1.0	0.0
89	88	0	0	4/2	17	1	IV/bVII}		C	V		IV/bVII	IV				bVII		}	M	0	0	-2, 2, -1		-2	-2	0	4	0.0	0.0	1.0	0.0
89	88	1/2	1/2	4/2	17	1	V/IV/bVII		C	V		V/IV/bVII	V				IV/bVII			M	0	0	-1, 3, 0		-1	-1	0	3	0.0	0.0	0.5	0.0
89	88	3/4	3/4	4/2	17	1	viio6/V/IV/bVII		C	V		viio6/V/IV/bVII	vii	o	6		V/IV/bVII			o	0	0	1, -2, 4		4	1	0	3	0.0	0.0	0.5	0.0
89	88	1	1	4/2	17	1	V/IV/bVII|HC		C	V		V/IV/bVII	V				IV/bVII	HC		M	0	0	-1, 3, 0		-1	-1	0	4	0.0	0.0	1.75	0.0
90	89	0	0	4/2	17	1	I/bVII		C	V		I/bVII	I				bVII			M	0	0	-1, 3, 0		-1	-1	2	3	0.4	0.5	1.5	0.25
90	89	1	1	4/2	17	1	V(6)/bVII		C	V		V(6)/bVII	V			6	bVII			M	0	0	0, 4, 3		0	0	0	2	0.0	0.0	1.25	0.0
90	89	5/4	5/4	4/2	17	1	V/bVII		C	V		V/bVII	V				bVII			M	0	0	0, 4, 1		0	0	0	4	0.0	0.0	0.625	0.0
91	90	0	0	4/2	17	1	I6/bVII}		C	V		I6/bVII	I		6		bVII		}	M	0	0	3, 0, -1		-1	3	0	5	0.0	0.0	1.0	0.0
91	90	1/2	1/2	4/2	17	1	ii6/bVII		C	V		ii6/bVII	ii		6		bVII			m	0	0	-2, 2, 1		1	-2	0	2	0.0	0.0	0.625	0.0
91	90	3/4	3/4	4/2	17	1	V/bVII		C	V		V/bVII	V				bVII			M	0	0	0, 4, 1		0	0	1	1	0.5	0.125	0.25	0.3333333333333333
91	90	1	1	4/2	17	1	I/bVII|PAC		C	V		I/bVII	I				bVII	PAC		M	0	0	-1, 3, 0		-1	-1	0	7	0.0	0.0	1.875	0.0
92	91	0	0	4/2	17	1	I		C	V		I	I							M	0	0	1, 5, 2		1	1	3	13	0.1875	0.625	7.125	0.08064516129032258
94	93	0	0	4/2	17	1	V		C	V		V	V							M	0	0	2, 6, 3		2	2	0	4	0.0	0.0	1.0	0.0
94	93	1/2	1/2	4/2	17	1	I6		C	V		I6	I		6					M	0	0	5, 2, 1		1	5	1	3	0.25	0.125	0.875	0.125
94	93	1	1	4/2	17	1	IV		C	V		IV	IV							M	0	0	0, 4, 1		0	0	0	4	0.0	0.0	2.0	0.0
95	94	0	0	4/2	17	1	V(+9)}		C	V		V(+9)	V			+9			}	M	0	0	2, 6, 3	4	2	2	0	2	0.0	0.0	0.75	0.0
95	94	1/4	1/4	4/2	17	1	V(4)		C	V		V(4)	V			4				M	0	0	2, 1, 3		2	2	0	3	0.0	0.0	1.25	0.0
95	94	3/4	3/4	4/2	17	1	V		C	V		V	V							M	0	0	2, 6, 3		2	2						
95	94	1	1	4/2	17	1	I|PAC		C	V		I	I					PAC		M	0	0	1, 5, 2		1	1	0	2	0.0	0.0	2.0	0.0
96	95	0	0	4/2	17	1	ii6/V{		C	V		ii6/V	ii		6		V		{	m	0	0	1, 5, 4		4	1	2	4	0.3333333333333333	0.25	1.75	0.125
96	95	1	1	4/2	17	1	I/V		C	V		I/V	I				V			M	0	0	2, 6, 3		2	2	4	8	0.3333333333333333	0.75	2.875	0.20689655172413793
97	96	3/4	3/4	4/2	17	1	V/V/V		C	V		V/V/V	V				V/V			M	0	0	4, 8, 5		4	4	1	1	0.5	0.125	0.25	0.3333333333333333
97	96	1	1	4/2	17	1	V/V		C	V		V/V	V				V			M	0	0	3, 7, 4		3	3	0	4	0.0	0.0	1.5	0.0
97	96	3/2	3/2	4/2	17	1	V7/V		C	V		V7/V	V		7		V			Mm7	0	0	3, 7, 4, 1		3	3	1	3	0.25	0.125	0.375	0.25
98	97	0	0	4/2	17	1	I/V		C	V		I/V	I				V			M	0	0	2, 6, 3		2	2	0	3	0.0	0.0	1.0	0.0
98	97	1/2	1/2	4/2	17	1	IV/V		C	V		IV/V	IV				V			M	0	0	1, 5, 2		1	1	0	2	0.0	0.0	1.0	0.0
98	97	1	1	4/2	17	1	V(9)/V		C	V		V(9)/V	V			9	V			M	0	0	3, 7, 4	5	3	3	0	2	0.0	0.0	0.75	0.0
98	97	5/4	5/4	4/2	17	1	V(4)/V		C	V		V(4)/V	V			4	V			M	0	0	3, 2, 4		3	3	0	3	0.0	0.0	1.25	0.0
98	97	7/4	7/4	4/2	17	1	V/V		C	V		V/V	V				V			M	0	0	3, 7, 4		3	3						
99	98	0	0	4/2	17	1	I/V|PAC		C	V		I/V	I				V	PAC		M	0	0	2, 6, 3		2	2	0	2	0.0	0.0	2.0	0.0
99	98	1	1	4/2	17	1	VI.I{		C	VI		I	I						{	M	0	0	3, 7, 4		3	3	1	9	0.1	0.25	3.5	0.06666666666666667
100	99	1	1	4/2	17	1	IV		C	VI		IV	IV							M	0	0	2, 6, 3		2	2	0	2	0.0	0.0	0.5	0.0
100	99	5/4	5/4	4/2	17	1	V		C	VI		V	V							M	0	0	4, 8, 5		4	4	0	2	0.0	0.0	0.5	0.0
100	99	3/2	3/2	4/2	17	1	I		C	VI		I	I							M	0	0	3, 7, 4		3	3	1	8	0.1111111111111111	0.125	2.875	0.041666666666666664
101	100	1	1	4/2	17	1	V		C	VI		V	V							M	0	0	4, 8, 5		4	4	0	4	0.0	0.0	2.0	0.0
102	101	0	0	4/2	17	1	I6		C	VI		I6	I		6					M	0	0	7, 4, 3		3	7	1	9	0.1	0.375	3.625	0.09375
103	102	0	0	4/2	17	1	IV}		C	VI		IV	IV						}	M	0	0	2, 6, 3		2	2	1	2	0.3333333333333333	0.25	0.75	0.25
103	102	1/2	1/2	4/2	17	1	V(4)		C	VI		V(4)	V			4				M	0	0	4, 3, 5		4	4	0	2	0.0	0.0	0.875	0.0
103	102	3/4	3/4	4/2	17	1	V		C	VI		V	V							M	0	0	4, 8, 5		4	4	0	1	0.0	0.0	0.125	0.0
103	102	1	1	4/2	17	1	I|PAC		C	VI		I	I					PAC		M	0	0	3, 7, 4		3	3	1	4	0.2	0.125	1.75	0.06666666666666667
104	103	0	0	4/2	17	1	V		C	VI		V	V							M	0	0	4, 8, 5		4	4	0	5	0.0	0.0	1.0	0.0
104	103	1/2	1/2	4/2	17	1	IV		C	VI		IV	IV							M	0	0	2, 6, 3		2	2	0	2	0.0	0.0	0.625	0.0
104	103	3/4	3/4	4/2	17	1	I		C	VI		I	I							M	0	0	3, 7, 4		3	3	0	2	0.0	0.0	0.375	0.0
104	103	1	1	4/2	17	1	V		C	VI		V	V							M	0	0	4, 8, 5		4	4	1	12	0.07692307692307693	0.125	5.75	0.02127659574468085
106	105	0	0	4/2	17	1	I}		C	VI		I	I						}	M	0	0	3, 7, 4		3	3	1	4	0.2	0.125	0.875	0.125
106	105	1/2	1/2	4/2	17	1	IV		C	VI		IV	IV							M	0	0	2, 6, 3		2	2	0	2	0.0	0.0	1.0	0.0
106	105	1	1	4/2	17	1	V		C	VI		V	V							M	0	0	4, 8, 5		4	4	1	3	0.25	0.125	0.875	0.125
106	105	3/2	3/2	4/2	17	1	I|IAC		C	VI		I	I					IAC		M	0	0	3, 7, 4		3	3	2	7	0.2222222222222222	0.25	2.5	0.09090909090909091
107	106	1	1	4/2	17	1	V		C	VI		V	V							M	0	0	4, 8, 5		4	4	0	2	0.0	0.0	1.0	0.0
107	106	3/2	3/2	4/2	17	1	IVM7		C	VI		IVM7	IV	M	7					MM7	0	0	2, 6, 3, 7		2	2	1	2	0.3333333333333333	0.25	0.75	0.25
108	107	0	0	4/2	17	1	V}		C	VI		V	V						}	M	0	0	4, 8, 5		4	4	0	2	0.0	0.0	0.75	0.0
108	107	1/4	1/4	4/2	17	1	V(64)		C	VI		V(64)	V			64				M	0	0	4, 3, 7		4	4	0	1	0.0	0.0	0.25	0.0
108	107	1/2	1/2	4/2	17	1	V(4)		C	VI		V(4)	V			4				M	0	0	4, 3, 5		4	4	0	2	0.0	0.0	1.0	0.0
108	107	3/4	3/4	4/2	17	1	V		C	VI		V	V							M	0	0	4, 8, 5		4	4						
108	107	1	1	4/2	17	1	I|PAC		C	VI		I	I					PAC		M	0	0	3, 7, 4		3	3	0	2	0.0	0.0	2.0	0.0
109	108	0	0	4/2	17	1	V.V{		C	V		V	V						{	M	0	0	2, 6, 3		2	2	1	5	0.16666666666666666	0.125	1.875	0.0625
109	108	1	1	4/2	17	1	I		C	V		I	I							M	0	0	1, 5, 2		1	1	0	7	0.0	0.0	3.0	0.0
110	109	1/2	1/2	4/2	17	1	V6		C	V		V6	V		6					M	0	0	6, 3, 2		2	6	0	3	0.0	0.0	1.0	0.0
110	109	1	1	4/2	17	1	I		C	V		I	I							M	0	0	1, 5, 2		1	1	0	2	0.0	0.0	0.625	0.0
110	109	5/4	5/4	4/2	17	1	I6		C	V		I6	I		6					M	0	0	5, 2, 1		1	5	0	2	0.0	0.0	0.375	0.0
110	109	3/2	3/2	4/2	17	1	ii6		C	V		ii6	ii		6					m	0	0	0, 4, 3		3	0	1	3	0.25	0.125	0.875	0.125
111	110	0	0	4/2	17	1	V7}		C	V		V7	V		7				}	Mm7	0	0	2, 6, 3, 0		2	2	0	2	0.0	0.0	0.75	0.0
111	110	1/4	1/4	4/2	17	1	V(64)		C	V		V(64)	V			64				M	0	0	2, 1, 5		2	2	0	1	0.0	0.0	0.25	0.0
111	110	1/2	1/2	4/2	17	1	V(4)		C	V		V(4)	V			4				M	0	0	2, 1, 3		2	2	0	2	0.0	0.0	1.0	0.0
111	110	3/4	3/4	4/2	17	1	V		C	V		V	V							M	0	0	2, 6, 3		2	2						
111	110	1	1	4/2	17	1	I|PAC		C	V		I	I					PAC		M	0	0	1, 5, 2		1	1	0	3	0.0	0.0	1.75	0.0
112	111	0	0	4/2	17	1	V		C	V		V	V							M	0	0	2, 6, 3		2	2	0	3	0.0	0.0	1.0	0.0
112	111	1/2	1/2	4/2	17	1	viio6(2)/V		C	V		viio6(2)/V	vii	o	6	2	V			o	0	0	4, 1, 2		7	4	0	2	0.0	0.0	0.875	0.0
112	111	3/4	3/4	4/2	17	1	viio6/V		C	V		viio6/V	vii	o	6		V			o	0	0	4, 1, 7		7	4	0	1	0.0	0.0	0.125	0.0
112	111	1	1	4/2	17	1	V		C	V		V	V							M	0	0	2, 6, 3		2	2	1	4	0.2	0.125	1.875	0.0625
113	112	0	0	4/2	17	1	ii		C	V		ii	ii							m	0	0	3, 0, 4		3	3	1	3	0.25	0.125	0.875	0.125
113	112	1/2	1/2	4/2	17	1	V/ii		C	V		V/ii	V				ii			M	0	0	4, 8, 5		4	4	1	2	0.3333333333333333	0.125	0.375	0.25
113	112	3/4	3/4	4/2	17	1	IV/ii		C	V		IV/ii	IV				ii			M	0	0	2, 6, 3		2	2	0	2	0.0	0.0	0.5	0.0
113	112	1	1	4/2	17	1	V7/ii		C	V		V7/ii	V		7		ii			Mm7	0	0	4, 8, 5, 2		4	4	0	2	0.0	0.0	0.75	0.0
113	112	5/4	5/4	4/2	17	1	V(64)/ii		C	V		V(64)/ii	V			64	ii			M	0	0	4, 3, 0		4	4	0	1	0.0	0.0	0.25	0.0
113	112	3/2	3/2	4/2	17	1	V(4)/ii		C	V		V(4)/ii	V			4	ii			M	0	0	4, 3, 5		4	4	0	2	0.0	0.0	1.0	0.0
113	112	7/4	7/4	4/2	17	1	V/ii		C	V		V/ii	V				ii			M	0	0	4, 8, 5		4	4						
114	113	0	0	4/2	17	1	I/ii|PAC		C	V		I/ii	I				ii	PAC		M	0	0	3, 7, 4		3	3	0	3	0.0	0.0	1.75	0.0
114	113	1	1	4/2	17	1	V/V		C	V		V/V	V				V			M	0	0	3, 7, 4		3	3	0	3	0.0	0.0	1.0	0.0
114	113	3/2	3/2	4/2	17	1	V		C	V		V	V							M	0	0	2, 6, 3		2	2	0	3	0.0	0.0	1.0	0.0
115	114	0	0	4/2	17	1	I		C	V		I	I							M	0	0	1, 5, 2		1	1	0	5	0.0	0.0	2.0	0.0
115	114	1	1	4/2	17	1	ii		C	V		ii	ii							m	0	0	3, 0, 4		3	3	0	2	0.0	0.0	0.625	0.0
115	114	5/4	5/4	4/2	17	1	viio6		C	V		viio6	vii	o	6					o	0	0	3, 0, 6		6	3	1	1	0.5	0.125	0.25	0.3333333333333333
115	114	3/2	3/2	4/2	17	1	I		C	V		I	I							M	0	0	1, 5, 2		1	1	3	11	0.21428571428571427	0.3125	4.5625	0.0641025641025641
117	116	0	0	4/2	17	1	IV}		C	V		IV	IV						}	M	0	0	0, 4, 1		0	0	0	4	0.0	0.0	1.0	0.0
117	116	1/2	1/2	4/2	17	1	ii		C	V		ii	ii							m	0	0	3, 0, 4		3	3	0	2	0.0	0.0	1.0	0.0
117	116	1	1	4/2	17	1	V/ii|HC		C	V		V/ii	V				ii	HC		M	0	0	4, 8, 5		4	4	0	5	0.0	0.0	3.0	0.0
118	117	1/2	1/2	4/2	17	1	i/ii		C	V		i/ii	i				ii			m	0	0	3, 0, 4		3	3	0	2	0.0	0.0	0.75	0.0
118	117	1	1	4/2	17	1	iv7/iv	iv/ii	C	V		iv7/iv	iv		7		iv			mm7	0	0	-1, -4, 0, -3		-1	-1	2	2	0.5	0.625	0.375	0.625
118	117	3/2	3/2	4/2	17	1	V/ii		C	V		V/ii	V				ii			M	0	0	4, 8, 5		4	4	0	2	0.0	0.0	1.0	0.0
119	118	0	0	4/2	17	1	I/V|PAC}		C	V		I/V	I				V	PAC	}	M	0	0	2, 6, 3		2	2	1	2	0.3333333333333333	0.25	1.5	0.14285714285714285
119	118	1	1	4/2	17	1	V		C	V		V	V							M	0	0	2, 6, 3		2	2	0	3	0.0	0.0	1.0	0.0
119	118	3/2	3/2	4/2	17	1	I		C	V		I	I							M	0	0	1, 5, 2		1	1	1	13	0.07142857142857142	0.125	4.75	0.02564102564102564
121	120	0	0	4/2	17	1	IV		C	V		IV	IV							M	0	0	0, 4, 1		0	0	1	3	0.25	0.125	0.875	0.125
121	120	1/2	1/2	4/2	17	1	V		C	V		V	V							M	0	0	2, 6, 3		2	2	1	6	0.14285714285714285	0.125	1.75	0.06666666666666667
121	120	3/2	3/2	4/2	17	1	I		C	V		I	I							M	0	0	1, 5, 2		1	1	1	4	0.2	0.125	0.875	0.125
122	121	0	0	4/2	17	1	V/V		C	V		V/V	V				V			M	0	0	3, 7, 4		3	3	2	3	0.4	0.625	1.375	0.3125
122	121	1	1	4/2	17	1	V		C	V		V	V							M	0	0	2, 6, 3		2	2	0	4	0.0	0.0	2.0	0.0
123	122	0	0	4/2	17	1	I		C	V		I	I							M	0	0	1, 5, 2		1	1	0	6	0.0	0.0	2.0	0.0
123	122	1	1	4/2	17	1	IV		C	V		IV	IV							M	0	0	0, 4, 1		0	0	0	11	0.0	0.0	3.625	0.0
124	123	1	1	4/2	17	1	i		C	V		i	i							m	0	0	1, -2, 2		1	1	0	2	0.0	0.0	0.5	0.0
124	123	5/4	5/4	4/2	17	1	V/bVII		C	V		V/bVII	V				bVII			M	0	0	0, 4, 1		0	0	0	3	0.0	0.0	0.5	0.0
124	123	3/2	3/2	4/2	17	1	bVII		C	V		bVII	bVII							M	0	0	-1, 3, 0		-1	-1	0	5	0.0	0.0	1.5	0.0
125	124	1/4	1/4	4/2	17	1	i		C	V		i	i							m	0	0	1, -2, 2		1	1	0	2	0.0	0.0	0.5	0.0
125	124	1/2	1/2	4/2	17	1	V(4)		C	V		V(4)	V			4				M	0	0	2, 1, 3		2	2	0	2	0.0	0.0	1.0	0.0
125	124	3/4	3/4	4/2	17	1	V		C	V		V	V							M	0	0	2, 6, 3		2	2						
125	124	1	1	4/2	17	1	I|PAC		C	V		I	I					PAC		M	0	0	1, 5, 2		1	1	0	2	0.0	0.0	2.0	0.0
126	125	0	0	4/2	17	1	IV{		C	V		IV	IV						{	M	0	0	0, 4, 1		0	0	0	3	0.0	0.0	1.0	0.0
126	125	1/2	1/2	4/2	17	1	I		C	V		I	I							M	0	0	1, 5, 2		1	1	1	3	0.25	0.125	0.875	0.125
126	125	1	1	4/2	17	1	V		C	V		V	V							M	0	0	2, 6, 3		2	2	0	5	0.0	0.0	2.0	0.0
127	126	0	0	4/2	17	1	I		C	V		I	I							M	0	0	1, 5, 2		1	1	1	7	0.125	0.125	2.375	0.05
127	126	5/4	5/4	4/2	17	1	ii		C	V		ii	ii							m	0	0	3, 0, 4		3	3	0	2	0.0	0.0	0.5	0.0
127	126	3/2	3/2	4/2	17	1	V/ii		C	V		V/ii	V				ii			M	0	0	4, 8, 5		4	4	0	2	0.0	0.0	1.0	0.0
128	127	0	0	4/2	17	1	I/ii|PAC}		C	V		I/ii	I				ii	PAC	}	M	0	0	3, 7, 4		3	3	0	4	0.0	0.0	1.75	0.0
128	127	1	1	4/2	17	1	V/V		C	V		V/V	V				V			M	0	0	3, 7, 4		3	3	2	4	0.3333333333333333	0.5	1.5	0.25
129	128	0	0	4/2	17	1	V		C	V		V	V							M	0	0	2, 6, 3		2	2	0	3	0.0	0.0	1.0	0.0
129	128	1/2	1/2	4/2	17	1	viio6(2)/V		C	V		viio6(2)/V	vii	o	6	2	V			o	0	0	4, 1, 2		7	4	0	2	0.0	0.0	0.875	0.0
129	128	3/4	3/4	4/2	17	1	viio6/V		C	V		viio6/V	vii	o	6		V			o	0	0	4, 1, 7		7	4	0	1	0.0	0.0	0.125	0.0
129	128	1	1	4/2	17	1	V		C	V		V	V							M	0	0	2, 6, 3		2	2	0	4	0.0	0.0	2.0	0.0
130	129	0	0	4/2	17	1	V/V		C	V		V/V	V				V			M	0	0	3, 7, 4		3	3	1	6	0.14285714285714285	0.125	1.875	0.0625
130	129	1	1	4/2	17	1	IV/II		C	V		IV/II	IV				II			M	0	0	2, 6, 3		2	2	1	4	0.2	0.125	1.875	0.0625
131	130	0	0	4/2	17	1	vi/II}		C	V		vi/II	vi				II		}	m	0	0	6, 3, 7		6	6	2	5	0.2857142857142857	0.5	1.5	0.25
131	130	1	1	4/2	17	1	V/II|HC		C	V		V/II	V				II	HC		M	0	0	4, 8, 5		4	4	0	5	0.0	0.0	1.75	0.0
132	131	0	0	4/2	17	1	I6/II		C	V		I6/II	I		6		II			M	0	0	7, 4, 3		3	7	0	2	0.0	0.0	0.5	0.0
132	131	1/4	1/4	4/2	17	1	IV/II		C	V		IV/II	IV				II			M	0	0	2, 6, 3		2	2	1	2	0.3333333333333333	0.125	0.375	0.25
132	131	1/2	1/2	4/2	17	1	V/II		C	V		V/II	V				II			M	0	0	4, 8, 5		4	4	0	2	0.0	0.0	0.5	0.0
132	131	3/4	3/4	4/2	17	1	I6/II		C	V		I6/II	I		6		II			M	0	0	7, 4, 3		3	7	0	2	0.0	0.0	0.5	0.0
132	131	1	1	4/2	17	1	IV/II		C	V		IV/II	IV				II			M	0	0	2, 6, 3		2	2	1	2	0.3333333333333333	0.25	0.75	0.25
132	131	3/2	3/2	4/2	17	1	V/II		C	V		V/II	V				II			M	0	0	4, 8, 5		4	4	0	5	0.0	0.0	2.0	0.0
133	132	1/2	1/2	4/2	17	1	I/II		C	V		I/II	I				II			M	0	0	3, 7, 4		3	3	1	4	0.2	0.125	0.875	0.125
133	132	1	1	4/2	17	1	V/V		C	V		V/V	V				V			M	0	0	3, 7, 4		3	3	0	2	0.0	0.0	1.0	0.0
133	132	3/2	3/2	4/2	17	1	I/V		C	V		I/V	I				V			M	0	0	2, 6, 3		2	2	0	2	0.0	0.0	1.0	0.0
134	133	0	0	4/2	17	1	ii6/V}	ii65/V}	C	V		ii6/V	ii		6		V		}	m	0	0	1, 5, 4		4	1	1	2	0.3333333333333333	0.25	0.75	0.25
134	133	1/2	1/2	4/2	17	1	V/V		C	V		V/V	V				V			M	0	0	3, 7, 4		3	3	1	2	0.3333333333333333	0.375	0.625	0.375
134	133	1	1	4/2	17	1	I/V|PAC		C	V		I/V	I				V	PAC		M	0	0	2, 6, 3		2	2	0	2	0.0	0.0	2.0	0.0
135	134	0	0	4/2	17	1	I{		C	V		I	I						{	M	0	0	1, 5, 2		1	1	0	4	0.0	0.0	3.0	0.0
136	135	0	0	4/2	17	1	viio6/V		C	V		viio6/V	vii	o	6		V			o	0	0	4, 1, 7		7	4	0	3	0.0	0.0	1.0	0.0
136	135	1/2	1/2	4/2	17	1	V(4)		C	V		V(4)	V			4				M	0	0	2, 1, 3		2	2	0	2	0.0	0.0	0.75	0.0
136	135	3/4	3/4	4/2	17	1	V		C	V		V	V							M	0	0	2, 6, 3		2	2	0	1	0.0	0.0	0.25	0.0
136	135	1	1	4/2	17	1	I		C	V		I	I							M	0	0	1, 5, 2		1	1	0	10	0.0	0.0	5.0	0.0
137	136	3/2	3/2	4/2	17	1	ii		C	V		ii	ii							m	0	0	3, 0, 4		3	3	0	2	0.0	0.0	0.75	0.0
137	136	7/4	7/4	4/2	17	1	viio6		C	V		viio6	vii	o	6					o	0	0	3, 0, 6		6	3	0	1	0.0	0.0	0.25	0.0
138	137	0	0	4/2	17	1	I}		C	V		I	I						}	M	0	0	1, 5, 2		1	1	0	3	0.0	0.0	2.75	0.0
138	137	3/2	3/2	4/2	17	1	IV		C	V		IV	IV							M	0	0	0, 4, 1		0	0	0	2	0.0	0.0	1.0	0.0
139	138	0	0	4/2	17	1	V7(+9)		C	V		V7(+9)	V		7	+9				Mm7	0	0	2, 6, 3, 0	4	2	2	0	2	0.0	0.0	0.75	0.0
139	138	1/4	1/4	4/2	17	1	V7		C	V		V7	V		7					Mm7	0	0	2, 6, 3, 0		2	2	0	1	0.0	0.0	0.25	0.0
139	138	1/2	1/2	4/2	17	1	V/ii		C	V		V/ii	V				ii			M	0	0	4, 8, 5		4	4	1	2	0.3333333333333333	0.125	0.875	0.125
139	138	1	1	4/2	17	1	I/ii		C	V		I/ii	I				ii			M	0	0	3, 7, 4		3	3	0	3	0.0	0.0	2.0	0.0
140	139	0	0	4/2	17	1	V/V		C	V		V/V	V				V			M	0	0	3, 7, 4		3	3	0	2	0.0	0.0	0.75	0.0
140	139	1/2	1/2	4/2	17	1	V6		C	V		V6	V		6					M	0	0	6, 3, 2		2	6	0	2	0.0	0.0	1.0	0.0
140	139	1	1	4/2	17	1	I		C	V		I	I							M	0	0	1, 5, 2		1	1	0	3	0.0	0.0	1.0	0.0
140	139	3/2	3/2	4/2	17	1	viio6(2)/V		C	V		viio6(2)/V	vii	o	6	2	V			o	0	0	4, 1, 2		7	4	0	2	0.0	0.0	0.75	0.0
140	139	7/4	7/4	4/2	17	1	viio6/V		C	V		viio6/V	vii	o	6		V			o	0	0	4, 1, 7		7	4	0	1	0.0	0.0	0.25	0.0
141	140	0	0	4/2	17	1	V|HC}		C	V		V	V					HC	}	M	0	0	2, 6, 3		2	2	0	2	0.0	0.0	3.0	0.0
141	140	3/2	3/2	4/2	17	1	ii{		C	V		ii	ii						{	m	0	0	3, 0, 4		3	3	0	4	0.0	0.0	2.0	0.0
142	141	1/2	1/2	4/2	17	1	vi		C	V		vi	vi							m	0	0	4, 1, 5		4	4	1	2	0.3333333333333333	0.25	0.75	0.25
142	141	1	1	4/2	17	1	I6		C	V		I6	I		6					M	0	0	5, 2, 1		1	5	2	4	0.3333333333333333	0.5	2.5	0.16666666666666666
143	142	1/2	1/2	4/2	17	1	IV		C	V		IV	IV							M	0	0	0, 4, 1		0	0	1	3	0.25	0.25	1.75	0.125
143	142	3/2	3/2	4/2	17	1	V		C	V		V	V							M	0	0	2, 6, 3		2	2	0	2	0.0	0.0	1.0	0.0
144	143	0	0	4/2	17	1	I|PAC}		C	V		I	I					PAC	}	M	0	0	1, 5, 2		1	1	0	2	0.0	0.0	3.0	0.0
144	143	3/2	3/2	4/2	17	1	ii{		C	V		ii	ii						{	m	0	0	3, 0, 4		3	3	0	4	0.0	0.0	2.0	0.0
145	144	1/2	1/2	4/2	17	1	vi		C	V		vi	vi							m	0	0	4, 1, 5		4	4	1	2	0.3333333333333333	0.25	0.75	0.25
145	144	1	1	4/2	17	1	I6		C	V		I6	I		6					M	0	0	5, 2, 1		1	5	2	4	0.3333333333333333	0.5	2.5	0.16666666666666666
146	145	1/2	1/2	4/2	17	1	IV		C	V		IV	IV							M	0	0	0, 4, 1		0	0	1	3	0.25	0.25	1.75	0.125
146	145	3/2	3/2	4/2	17	1	V		C	V		V	V							M	0	0	2, 6, 3		2	2	0	2	0.0	0.0	1.0	0.0
147	146	0	0	4/2	17	1	I|PAC}		C	V		I	I					PAC	}	M	0	0	1, 5, 2		1	1	0	3	0.0	0.0	3.0	0.0
148	147	0	0	4/2	17	1	I{		C	V		I	I						{	M	0	0	1, 5, 2		1	1	0	4	0.0	0.0	2.0	0.0
148	147	1	1	4/2	17	1	viio6/V		C	V		viio6/V	vii	o	6		V			o	0	0	4, 1, 7		7	4	0	2	0.0	0.0	1.0	0.0
148	147	3/2	3/2	4/2	17	1	V(4)		C	V		V(4)	V			4				M	0	0	2, 1, 3		2	2	0	2	0.0	0.0	0.5	0.0
148	147	7/4	7/4	4/2	17	1	V		C	V		V	V							M	0	0	2, 6, 3		2	2	0	2	0.0	0.0	0.5	0.0
149	148	0	0	4/2	17	1	I		C	V		I	I							M	0	0	1, 5, 2		1	1	0	8	0.0	0.0	5.0	0.0
150	149	1/2	1/2	4/2	17	1	viio6		C	V		viio6	vii	o	6					o	0	0	3, 0, 6		6	3	0	2	0.0	0.0	1.0	0.0
150	149	1	1	4/2	17	1	I		C	V		I	I							M	0	0	1, 5, 2		1	1	0	4	0.0	0.0	3.0	0.0
151	150	1/2	1/2	4/2	17	1	IV		C	V		IV	IV							M	0	0	0, 4, 1		0	0	0	2	0.0	0.0	1.0	0.0
151	150	1	1	4/2	17	1	V		C	V		V	V							M	0	0	2, 6, 3		2	2	1	2	0.3333333333333333	0.25	0.75	0.25
151	150	3/2	3/2	4/2	17	1	V/ii		C	V		V/ii	V				ii			M	0	0	4, 8, 5		4	4	0	2	0.0	0.0	1.0	0.0
152	151	0	0	4/2	17	1	I/ii|PAC}		C	V		I/ii	I				ii	PAC	}	M	0	0	3, 7, 4		3	3	0	3	0.0	0.0	1.75	0.0
152	151	1	1	4/2	17	1	V/V		C	V		V/V	V				V			M	0	0	3, 7, 4		3	3	0	3	0.0	0.0	1.0	0.0
152	151	3/2	3/2	4/2	17	1	V6		C	V		V6	V		6					M	0	0	6, 3, 2		2	6	0	2	0.0	0.0	1.0	0.0
153	152	0	0	4/2	17	1	I}		C	V		I	I						}	M	0	0	1, 5, 2		1	1	0	3	0.0	0.0	1.0	0.0
153	152	1/2	1/2	4/2	17	1	viio6(2)/V		C	V		viio6(2)/V	vii	o	6	2	V			o	0	0	4, 1, 2		7	4	0	2	0.0	0.0	1.0	0.0
153	152	3/4	3/4	4/2	17	1	viio6/V		C	V		viio6/V	vii	o	6		V			o	0	0	4, 1, 7		7	4						
153	152	1	1	4/2	17	1	V|HC		C	V		V	V					HC		M	0	0	2, 6, 3		2	2	0	4	0.0	0.0	3.0	0.0
154	153	1	1	4/2	17	1	ii{		C	V		ii	ii						{	m	0	0	3, 0, 4		3	3	0	3	0.0	0.0	2.0	0.0
155	154	0	0	4/2	17	1	vi		C	V		vi	vi							m	0	0	4, 1, 5		4	4	1	2	0.3333333333333333	0.25	0.75	0.25
155	154	1/2	1/2	4/2	17	1	I6		C	V		I6	I		6					M	0	0	5, 2, 1		1	5	0	4	0.0	0.0	3.0	0.0
156	155	0	0	4/2	17	1	ii6		C	V		ii6	ii		6					m	0	0	0, 4, 3		3	0	0	2	0.0	0.0	1.0	0.0
156	155	1/2	1/2	4/2	17	1	V		C	V		V	V							M	0	0	2, 6, 3		2	2	0	2	0.0	0.0	1.0	0.0
156	155	1	1	4/2	17	1	viio6(2)/V		C	V		viio6(2)/V	vii	o	6	2	V			o	0	0	4, 1, 2		7	4	0	2	0.0	0.0	0.875	0.0
156	155	5/4	5/4	4/2	17	1	viio6/V		C	V		viio6/V	vii	o	6		V			o	0	0	4, 1, 7		7	4	1	1	0.5	0.0625	0.0625	0.5
156	155	3/2	3/2	4/2	17	1	V		C	V		V	V							M	0	0	2, 6, 3		2	2	0	5	0.0	0.0	3.0	0.0
157	156	1	1	4/2	17	1	ii		C	V		ii	ii							m	0	0	3, 0, 4		3	3	0	3	0.0	0.0	2.0	0.0
158	157	0	0	4/2	17	1	vi		C	V		vi	vi							m	0	0	4, 1, 5		4	4	1	2	0.3333333333333333	0.25	0.75	0.25
158	157	1/2	1/2	4/2	17	1	I6		C	V		I6	I		6					M	0	0	5, 2, 1		1	5	0	4	0.0	0.0	3.0	0.0
159	158	0	0	4/2	17	1	IV		C	V		IV	IV							M	0	0	0, 4, 1		0	0	0	2	0.0	0.0	1.0	0.0
159	158	1/2	1/2	4/2	17	1	ii6		C	V		ii6	ii		6					m	0	0	0, 4, 3		3	0	0	2	0.0	0.0	1.0	0.0
159	158	1	1	4/2	17	1	V		C	V		V	V							M	0	0	2, 6, 3		2	2	0	2	0.0	0.0	1.0	0.0
159	158	3/2	3/2	4/2	17	1	I		C	V		I	I							M	0	0	1, 5, 2		1	1	0	5	0.0	0.0	3.0	0.0
160	159	1	1	4/2	17	1	ii		C	V		ii	ii							m	0	0	3, 0, 4		3	3	0	3	0.0	0.0	2.0	0.0
161	160	0	0	4/2	17	1	vi		C	V		vi	vi							m	0	0	4, 1, 5		4	4	1	2	0.3333333333333333	0.25	0.75	0.25
161	160	1/2	1/2	4/2	17	1	I6		C	V		I6	I		6					M	0	0	5, 2, 1		1	5	0	3	0.0	0.0	3.0	0.0
162	161	0	0	4/2	17	1	IV		C	V		IV	IV							M	0	0	0, 4, 1		0	0	0	2	0.0	0.0	3.0	0.0
162	161	3/2	3/2	4/2	17	1	ii6		C	V		ii6	ii		6					m	0	0	0, 4, 3		3	0	0	2	0.0	0.0	1.0	0.0
163	162	0	0	4/2	17	1	V(4)}		C	V		V(4)	V			4			}	M	0	0	2, 1, 3		2	2	0	2	0.0	0.0	2.0	0.0
163	162	1/2	1/2	4/2	17	1	V		C	V		V	V							M	0	0	2, 6, 3		2	2						
163	162	1	1	4/2	17	1	I|IAC		C	V		I	I					IAC		M	0	0	1, 5, 2		1	1	4	16	0.2	0.875	8.875	0.08974358974358974
166	165	0	0	4/2	17	1	IV		C	V		IV	IV							M	0	0	0, 4, 1		0	0	2	6	0.25	0.375	3.5	0.0967741935483871
167	166	0	0	4/2	17	1	I		C	V		I	I							M	0	0	1, 5, 2		1	1	0	6	0.0	0.0	2.0	0.0
167	166	1	1	4/2	17	1	viio6(2)/V		C	V		viio6(2)/V	vii	o	6	2	V			o	0	0	4, 1, 2		7	4	0	2	0.0	0.0	2.0	0.0
167	166	3/2	3/2	4/2	17	1	viio6/V		C	V		viio6/V	vii	o	6		V			o	0	0	4, 1, 7		7	4						
168	167	0	0	4/2	17	1	V|HC}		C	V		V	V					HC	}	M	0	0	2, 6, 3		2	2	0	5	0.0	0.0	2.0	0.0
168	167	1	1	4/2	17	1	i		C	V		i	i							m	0	0	1, -2, 2		1	1	0	4	0.0	0.0	1.0	0.0
168	167	3/2	3/2	4/2	17	1	V		C	V		V	V							M	0	0	2, 6, 3		2	2	0	3	0.0	0.0	1.0	0.0
169	168	0	0	4/2	17	1	IV		C	V		IV	IV							M	0	0	0, 4, 1		0	0	1	2	0.3333333333333333	0.25	0.75	0.25
169	168	1/2	1/2	4/2	17	1	V		C	V		V	V							M	0	0	2, 6, 3		2	2	0	2	0.0	0.0	1.0	0.0
169	168	1	1	4/2	17	1	I		C	V		I	I							M	0	0	1, 5, 2		1	1	0	11	0.0	0.0	6.0	0.0
171	170	0	0	4/2	17	1	ii		C	V		ii	ii							m	0	0	3, 0, 4		3	3	0	3	0.0	0.0	1.0	0.0
171	170	1/2	1/2	4/2	17	1	V/ii		C	V		V/ii	V				ii			M	0	0	4, 8, 5		4	4	0	2	0.0	0.0	1.0	0.0
171	170	1	1	4/2	17	1	I/ii		C	V		I/ii	I				ii			M	0	0	3, 7, 4		3	3	0	5	0.0	0.0	1.875	0.0
172	171	0	0	4/2	17	1	V}		C	V		V	V						}	M	0	0	2, 6, 3		2	2	1	5	0.16666666666666666	0.125	1.75	0.06666666666666667
172	171	1	1	4/2	17	1	IV		C	V		IV	IV							M	0	0	0, 4, 1		0	0	1	2	0.3333333333333333	0.25	0.75	0.25
172	171	3/2	3/2	4/2	17	1	V		C	V		V	V							M	0	0	2, 6, 3		2	2	0	3	0.0	0.0	1.0	0.0
173	172	0	0	4/2	17	1	V/V{		C	V		V/V	V				V		{	M	0	0	3, 7, 4		3	3	1	9	0.1	0.125	3.875	0.03125
174	173	0	0	4/2	17	1	V		C	V		V	V							M	0	0	2, 6, 3		2	2	6	4	0.6	1.0	3.0	0.25
175	174	0	0	4/2	17	1	I		C	V		I	I							M	0	0	1, 5, 2		1	1	0	4	0.0	0.0	2.0	0.0
175	174	1	1	4/2	17	1	IV		C	V		IV	IV							M	0	0	0, 4, 1		0	0	1	4	0.2	0.125	1.875	0.0625
176	175	0	0	4/2	17	1	V}		C	V		V	V						}	M	0	0	2, 6, 3		2	2	0	3	0.0	0.0	1.0	0.0
176	175	1/2	1/2	4/2	17	1	viio6/V		C	V		viio6/V	vii	o	6		V			o	0	0	4, 1, 7		7	4	0	2	0.0	0.0	0.625	0.0
176	175	3/4	3/4	4/2	17	1	V		C	V		V	V							M	0	0	2, 6, 3		2	2	0	2	0.0	0.0	0.375	0.0
176	175	1	1	4/2	17	1	I|IAC		C	V		I	I					IAC		M	0	0	1, 5, 2		1	1	0	4	0.0	0.0	2.0	0.0
177	176	0	0	4/2	17	1	bVII.I{		C	bVII		I	I						{	M	0	0	-2, 2, -1		-2	-2	1	5	0.16666666666666666	0.125	1.875	0.0625
177	176	1	1	4/2	17	1	V		C	bVII		V	V							M	0	0	-1, 3, 0		-1	-1	0	4	0.0	0.0	1.875	0.0
178	177	0	0	4/2	17	1	I		C	bVII		I	I							M	0	0	-2, 2, -1		-2	-2	0	2	0.0	0.0	1.25	0.0
178	177	1/2	1/2	4/2	17	1	I6		C	bVII		I6	I		6					M	0	0	2, -1, -2		-2	2	1	1	0.5	0.25	0.5	0.3333333333333333
178	177	1	1	4/2	17	1	V/V		C	bVII		V/V	V				V			M	0	0	0, 4, 1		0	0	0	2	0.0	0.0	0.75	0.0
178	177	5/4	5/4	4/2	17	1	V(64)/V		C	bVII		V(64)/V	V			64	V			M	0	0	0, -1, 3		0	0	0	1	0.0	0.0	0.25	0.0
178	177	3/2	3/2	4/2	17	1	V(4)/V		C	bVII		V(4)/V	V			4	V			M	0	0	0, -1, 1		0	0	0	2	0.0	0.0	1.0	0.0
178	177	7/4	7/4	4/2	17	1	V/V		C	bVII		V/V	V				V			M	0	0	0, 4, 1		0	0						
179	178	0	0	4/2	17	1	I/V|PAC}		C	bVII		I/V	I				V	PAC	}	M	0	0	-1, 3, 0		-1	-1	0	3	0.0	0.0	1.75	0.0
179	178	1	1	4/2	17	1	I		C	bVII		I	I							M	0	0	-2, 2, -1		-2	-2	0	2	0.0	0.0	0.625	0.0
179	178	5/4	5/4	4/2	17	1	IV		C	bVII		IV	IV							M	0	0	-3, 1, -2		-3	-3	0	2	0.0	0.0	0.375	0.0
179	178	3/2	3/2	4/2	17	1	V(4)		C	bVII		V(4)	V			4				M	0	0	-1, -2, 0		-1	-1	0	2	0.0	0.0	0.5	0.0
179	178	7/4	7/4	4/2	17	1	V		C	bVII		V	V							M	0	0	-1, 3, 0		-1	-1	0	2	0.0	0.0	0.5	0.0
180	179	0	0	4/2	17	1	I		C	bVII		I	I							M	0	0	-2, 2, -1		-2	-2	2	11	0.15384615384615385	0.375	4.625	0.075
181	180	1/2	1/2	4/2	17	1	IV		C	bVII		IV	IV							M	0	0	-3, 1, -2		-3	-3	1	2	0.3333333333333333	0.125	0.875	0.125
181	180	1	1	4/2	17	1	IVM7		C	bVII		IVM7	IV	M	7					MM7	0	0	-3, 1, -2, 2		-3	-3	2	4	0.3333333333333333	0.25	1.75	0.125
182	181	0	0	4/2	17	1	V(4)}		C	bVII		V(4)	V			4			}	M	0	0	-1, -2, 0		-1	-1	0	2	0.0	0.0	0.75	0.0
182	181	1/4	1/4	4/2	17	1	V		C	bVII		V	V							M	0	0	-1, 3, 0		-1	-1	0	3	0.0	0.0	1.25	0.0
182	181	3/4	3/4	4/2	17	1	V(4)		C	bVII		V(4)	V			4				M	0	0	-1, -2, 0		-1	-1						
182	181	1	1	4/2	17	1	I|PAC		C	bVII		I	I					PAC		M	0	0	-2, 2, -1		-2	-2	1	7	0.125	0.125	3.75	0.03225806451612903
183	182	1	1	4/2	17	1	V		C	bVII		V	V							M	0	0	-1, 3, 0		-1	-1	0	3	0.0	0.0	1.0	0.0
183	182	3/2	3/2	4/2	17	1	viio6/V		C	bVII		viio6/V	vii	o	6		V			o	0	0	1, -2, 4		4	1	0	3	0.0	0.0	1.0	0.0
184	183	0	0	4/2	17	1	V		C	bVII		V	V							M	0	0	-1, 3, 0		-1	-1	0	6	0.0	0.0	1.875	0.0
184	183	1	1	4/2	17	1	V.IV		C	V		IV	IV							M	0	0	0, 4, 1		0	0	1	4	0.2	0.125	0.875	0.125
184	183	3/2	3/2	4/2	17	1	I		C	V		I	I							M	0	0	1, 5, 2		1	1	1	2	0.3333333333333333	0.375	0.625	0.375
185	184	0	0	4/2	17	1	V}		C	V		V	V						}	M	0	0	2, 6, 3		2	2	0	2	0.0	0.0	1.0	0.0
185	184	1/2	1/2	4/2	17	1	I|PAC		C	V		I	I					PAC		M	0	0	1, 5, 2		1	1	4	8	0.3333333333333333	0.75	4.0	0.15789473684210525
186	185	1	1	4/2	17	1	ii		C	V		ii	ii							m	0	0	3, 0, 4		3	3	1	4	0.2	0.125	0.875	0.125
186	185	3/2	3/2	4/2	17	1	V/ii		C	V		V/ii	V				ii			M	0	0	4, 8, 5		4	4	0	7	0.0	0.0	2.0	0.0
187	186	1/2	1/2	4/2	17	1	IV/ii		C	V		IV/ii	IV				ii			M	0	0	2, 6, 3		2	2	0	3	0.0	0.0	1.0	0.0
187	186	1	1	4/2	17	1	V/ii		C	V		V/ii	V				ii			M	0	0	4, 8, 5		4	4	1	4	0.2	0.125	1.875	0.0625
188	187	0	0	4/2	17	1	I/ii|IAC}		C	V		I/ii	I				ii	IAC	}	M	0	0	3, 7, 4		3	3	0	3	0.0	0.0	2.0	0.0
188	187	1	1	4/2	17	1	V{		C	V		V	V						{	M	0	0	2, 6, 3		2	2	0	4	0.0	0.0	1.0	0.0
188	187	3/2	3/2	4/2	17	1	I		C	V		I	I							M	0	0	1, 5, 2		1	1	0	2	0.0	0.0	1.0	0.0
189	188	0	0	4/2	17	1	V/bVII		C	V		V/bVII	V				bVII			M	0	0	0, 4, 1		0	0	2	2	0.5	0.25	0.75	0.25
189	188	1/2	1/2	4/2	17	1	I6/bVII		C	V		I6/bVII	I		6		bVII			M	0	0	3, 0, -1		-1	3	0	2	0.0	0.0	1.0	0.0
189	188	1	1	4/2	17	1	V/bVII		C	V		V/bVII	V				bVII			M	0	0	0, 4, 1		0	0	0	2	0.0	0.0	0.75	0.0
189	188	5/4	5/4	4/2	17	1	V(64)/bVII		C	V		V(64)/bVII	V			64	bVII			M	0	0	0, -1, 3		0	0	0	1	0.0	0.0	0.25	0.0
189	188	3/2	3/2	4/2	17	1	V(4)/bVII		C	V		V(4)/bVII	V			4	bVII			M	0	0	0, -1, 1		0	0	0	2	0.0	0.0	1.0	0.0
189	188	7/4	7/4	4/2	17	1	V/bVII		C	V		V/bVII	V				bVII			M	0	0	0, 4, 1		0	0						
190	189	0	0	4/2	17	1	I/bVII|PAC}		C	V		I/bVII	I				bVII	PAC	}	M	0	0	-1, 3, 0		-1	-1	0	2	0.0	0.0	2.0	0.0
190	189	1	1	4/2	17	1	I/IV{		C	V		I/IV	I				IV		{	M	0	0	0, 4, 1		0	0	1	8	0.1111111111111111	0.25	2.75	0.08333333333333333
191	190	1/2	1/2	4/2	17	1	V/IV		C	V		V/IV	V				IV			M	0	0	1, 5, 2		1	1	0	3	0.0	0.0	1.0	0.0
191	190	1	1	4/2	17	1	I/IV|IAC		C	V		I/IV	I				IV	IAC		M	0	0	0, 4, 1		0	0	0	9	0.0	0.0	5.0	0.0
192	191	3/2	3/2	4/2	17	1	V		C	V		V	V							M	0	0	2, 6, 3		2	2	0	2	0.0	0.0	0.75	0.0
193	192	0	0	4/2	17	1	I		C	V		I	I							M	0	0	1, 5, 2		1	1	0	5	0.0	0.0	1.875	0.0
193	192	1	1	4/2	17	1	IV		C	V		IV	IV							M	0	0	0, 4, 1		0	0	0	2	0.0	0.0	0.5	0.0
193	192	5/4	5/4	4/2	17	1	ii		C	V		ii	ii							m	0	0	3, 0, 4		3	3	0	2	0.0	0.0	0.5	0.0
193	192	3/2	3/2	4/2	17	1	V/ii		C	V		V/ii	V				ii			M	0	0	4, 8, 5		4	4	0	2	0.0	0.0	1.0	0.0
194	193	0	0	4/2	17	1	I/ii		C	V		I/ii	I				ii			M	0	0	3, 7, 4		3	3	0	2	0.0	0.0	1.0	0.0
194	193	1/2	1/2	4/2	17	1	V/V		C	V		V/V	V				V			M	0	0	3, 7, 4		3	3	0	2	0.0	0.0	0.75	0.0
194	193	1	1	4/2	17	1	V		C	V		V	V							M	0	0	2, 6, 3		2	2	0	2	0.0	0.0	1.0	0.0
194	193	3/2	3/2	4/2	17	1	I		C	V		I	I							M	0	0	1, 5, 2		1	1	1	3	0.25	0.125	0.875	0.125
195	194	0	0	4/2	17	1	V}		C	V		V	V						}	M	0	0	2, 6, 3		2	2	0	2	0.0	0.0	2.0	0.0
195	194	1	1	4/2	17	1	I|PAC		C	V		I	I					PAC		M	0	0	1, 5, 2		1	1	0	2	0.0	0.0	2.0	0.0
196	195	0	0	4/2	17	1	IV{		C	V		IV	IV						{	M	0	0	0, 4, 1		0	0	0	4	0.0	0.0	2.0	0.0
196	195	1	1	4/2	17	1	I		C	V		I	I							M	0	0	1, 5, 2		1	1	1	4	0.2	0.125	1.875	0.0625
197	196	0	0	4/2	17	1	IV		C	V		IV	IV							M	0	0	0, 4, 1		0	0	1	2	0.3333333333333333	0.25	0.75	0.25
197	196	1/2	1/2	4/2	17	1	V		C	V		V	V							M	0	0	2, 6, 3		2	2	1	6	0.14285714285714285	0.125	1.875	0.0625
197	196	3/2	3/2	4/2	17	1	ii		C	V		ii	ii							m	0	0	3, 0, 4		3	3	0	3	0.0	0.0	1.0	0.0
198	197	0	0	4/2	17	1	V/ii|HC}		C	V		V/ii	V				ii	HC	}	M	0	0	4, 8, 5		4	4	0	3	0.0	0.0	2.0	0.0
198	197	1	1	4/2	17	1	V{		C	V		V	V						{	M	0	0	2, 6, 3		2	2	2	4	0.3333333333333333	0.1875	1.6875	0.1
199	198	0	0	4/2	17	1	I		C	V		I	I							M	0	0	1, 5, 2		1	1	0	4	0.0	0.0	1.0	0.0
199	198	1/2	1/2	4/2	17	1	V/bVII		C	V		V/bVII	V				bVII			M	0	0	0, 4, 1		0	0	2	3	0.4	0.25	0.75	0.25
199	198	1	1	4/2	17	1	bVII		C	V		bVII	bVII							M	0	0	-1, 3, 0		-1	-1	2	10	0.16666666666666666	0.375	3.625	0.09375
200	199	1	1	4/2	17	1	V7/ii		C	V		V7/ii	V		7		ii			Mm7	0	0	4, 8, 5, 2		4	4	0	2	0.0	0.0	0.75	0.0
200	199	5/4	5/4	4/2	17	1	V(64)/ii		C	V		V(64)/ii	V			64	ii			M	0	0	4, 3, 0		4	4	0	1	0.0	0.0	0.25	0.0
200	199	3/2	3/2	4/2	17	1	V(4)/ii		C	V		V(4)/ii	V			4	ii			M	0	0	4, 3, 5		4	4	0	2	0.0	0.0	1.0	0.0
200	199	7/4	7/4	4/2	17	1	V/ii		C	V		V/ii	V				ii			M	0	0	4, 8, 5		4	4						
201	200	0	0	4/2	17	1	I/ii|PAC		C	V		I/ii	I				ii	PAC		M	0	0	3, 7, 4		3	3	0	2	0.0	0.0	2.0	0.0
201	200	1	1	4/2	17	1	V/V{		C	V		V/V	V				V		{	M	0	0	3, 7, 4		3	3	0	2	0.0	0.0	0.75	0.0
201	200	3/2	3/2	4/2	17	1	V		C	V		V	V							M	0	0	2, 6, 3		2	2	0	3	0.0	0.0	1.0	0.0
202	201	0	0	4/2	17	1	I		C	V		I	I							M	0	0	1, 5, 2		1	1	1	7	0.125	0.125	2.5	0.047619047619047616
202	201	5/4	5/4	4/2	17	1	iv6/ii		C	V		iv6/ii	iv		6		ii			m	0	0	-1, 3, 2		2	-1	0	2	0.0	0.0	0.375	0.0
202	201	3/2	3/2	4/2	17	1	V/ii		C	V		V/ii	V				ii			M	0	0	4, 8, 5		4	4	0	6	0.0	0.0	2.75	0.0
203	202	1	1	4/2	17	1	ii		C	V		ii	ii							m	0	0	3, 0, 4		3	3	0	2	0.0	0.0	0.625	0.0
203	202	5/4	5/4	4/2	17	1	V		C	V		V	V							M	0	0	2, 6, 3		2	2	0	2	0.0	0.0	0.375	0.0
203	202	3/2	3/2	4/2	17	1	I|IAC		C	V		I	I					IAC		M	0	0	1, 5, 2		1	1	1	7	0.125	0.125	2.75	0.043478260869565216
204	203	1	1	4/2	17	1	V		C	V		V	V							M	0	0	2, 6, 3		2	2	0	2	0.0	0.0	1.0	0.0
204	203	3/2	3/2	4/2	17	1	I|PAC}		C	V		I	I					PAC	}	M	0	0	1, 5, 2		1	1	0	2	0.0	0.0	1.0	0.0
205	204	0	0	4/2	17	1	IV.IV{		C	IV		IV	IV						{	M	0	0	-2, 2, -1		-2	-2	0	2	0.0	0.0	1.0	0.0
205	204	1/2	1/2	4/2	17	1	I		C	IV		I	I							M	0	0	-1, 3, 0		-1	-1	0	2	0.0	0.0	0.75	0.0
205	204	1	1	4/2	17	1	ii		C	IV		ii	ii							m	0	0	1, -2, 2		1	1	0	4	0.0	0.0	1.0	0.0
205	204	3/2	3/2	4/2	17	1	V/ii		C	IV		V/ii	V				ii			M	0	0	2, 6, 3		2	2	0	3	0.0	0.0	1.0	0.0
206	205	0	0	4/2	17	1	iii		C	IV		iii	iii							m	0	0	3, 0, 4		3	3	1	4	0.2	0.125	1.625	0.07142857142857142
206	205	1	1	4/2	17	1	I		C	IV		I	I							M	0	0	-1, 3, 0		-1	-1	1	2	0.3333333333333333	0.25	1.25	0.16666666666666666
206	205	3/2	3/2	4/2	17	1	iv6/iii		C	IV		iv6/iii	iv		6		iii			m	0	0	-1, 3, 2		2	-1	0	1	0.0	0.0	0.5	0.0
207	206	0	0	4/2	17	1	V/iii|HC}		C	IV		V/iii	V				iii	HC	}	M	0	0	4, 8, 5		4	4	0	2	0.0	0.0	2.0	0.0
207	206	1	1	4/2	17	1	V7/vi{		C	IV		V7/vi	V		7		vi		{	Mm7	0	0	3, 7, 4, 1		3	3	0	4	0.0	0.0	1.0	0.0
207	206	3/2	3/2	4/2	17	1	vi		C	IV		vi	vi							m	0	0	2, -1, 3		2	2	0	2	0.0	0.0	0.875	0.0
207	206	7/4	7/4	4/2	17	1	viio6/V		C	IV		viio6/V	vii	o	6		V			o	0	0	2, -1, 5		5	2	0	1	0.0	0.0	0.125	0.0
208	207	0	0	4/2	17	1	V		C	IV		V	V							M	0	0	0, 4, 1		0	0	0	3	0.0	0.0	2.0	0.0
208	207	1	1	4/2	17	1	I		C	IV		I	I							M	0	0	-1, 3, 0		-1	-1	0	7	0.0	0.0	2.0	0.0
209	208	0	0	4/2	17	1	I6}		C	IV		I6	I		6				}	M	0	0	3, 0, -1		-1	3	1	2	0.3333333333333333	0.25	0.75	0.25
209	208	1/2	1/2	4/2	17	1	V/V		C	IV		V/V	V				V			M	0	0	1, 5, 2		1	1	0	3	0.0	0.0	1.0	0.0
209	208	1	1	4/2	17	1	I/V|IAC		C	IV		I/V	I				V	IAC		M	0	0	0, 4, 1		0	0	0	3	0.0	0.0	2.0	0.0
210	209	0	0	4/2	17	1	V{		C	IV		V	V						{	M	0	0	0, 4, 1		0	0	0	6	0.0	0.0	2.0	0.0
210	209	1	1	4/2	17	1	I		C	IV		I	I							M	0	0	-1, 3, 0		-1	-1	1	5	0.16666666666666666	0.125	1.875	0.0625
211	210	0	0	4/2	17	1	IV		C	IV		IV	IV							M	0	0	-2, 2, -1		-2	-2	0	4	0.0	0.0	2.0	0.0
211	210	1	1	4/2	17	1	V6/V		C	IV		V6/V	V		6		V			M	0	0	5, 2, 1		1	5	0	6	0.0	0.0	2.0	0.0
212	211	0	0	4/2	17	1	V		C	IV		V	V							M	0	0	0, 4, 1		0	0	0	5	0.0	0.0	1.875	0.0
212	211	1	1	4/2	17	1	V/IV		C	IV		V/IV	V				IV			M	0	0	-1, 3, 0		-1	-1	0	4	0.0	0.0	2.0	0.0
213	212	0	0	4/2	17	1	IV}		C	IV		IV	IV						}	M	0	0	-2, 2, -1		-2	-2	2	6	0.25	0.25	2.5	0.09090909090909091
213	212	3/2	3/2	4/2	17	1	V		C	IV		V	V							M	0	0	0, 4, 1		0	0	0	2	0.0	0.0	0.5	0.0
213	212	7/4	7/4	4/2	17	1	I6		C	IV		I6	I		6					M	0	0	3, 0, -1		-1	3	0	2	0.0	0.0	0.5	0.0
214	213	0	0	4/2	17	1	IV}		C	IV		IV	IV						}	M	0	0	-2, 2, -1		-2	-2	1	2	0.3333333333333333	0.25	0.75	0.25
214	213	1/2	1/2	4/2	17	1	V		C	IV		V	V							M	0	0	0, 4, 1		0	0	0	2	0.0	0.0	1.0	0.0
214	213	1	1	4/2	17	1	I|PAC		C	IV		I	I					PAC		M	0	0	-1, 3, 0		-1	-1	0	13	0.0	0.0	5.75	0.0
216	215	0	0	4/2	17	1	V		C	IV		V	V							M	0	0	0, 4, 1		0	0	0	4	0.0	0.0	1.75	0.0
216	215	1	1	4/2	17	1	V.I		C	V		I	I							M	0	0	1, 5, 2		1	1	1	2	0.3333333333333333	0.25	1.75	0.125
217	216	0	0	4/2	17	1	V(4)}		C	V		V(4)	V			4			}	M	0	0	2, 1, 3		2	2	0	3	0.0	0.0	1.5	0.0
217	216	1/2	1/2	4/2	17	1	V		C	V		V	V							M	0	0	2, 6, 3		2	2	0	1	0.0	0.0	0.5	0.0
217	216	1	1	4/2	17	1	I|PAC		C	V		I	I					PAC		M	0	0	1, 5, 2		1	1	1	16	0.058823529411764705	0.125	9.375	0.013157894736842105
220	219	0	0	4/2	17	1	IV		C	V		IV	IV							M	0	0	0, 4, 1		0	0	1	12	0.07692307692307693	0.125	3.875	0.03125
221	220	0	0	4/2	17	1	I		C	V		I	I							M	0	0	1, 5, 2		1	1	0	3	0.0	0.0	1.75	0.0
221	220	1	1	4/2	17	1	v		C	V		v	v							m	0	0	2, -1, 3		2	2	0	2	0.0	0.0	1.0	0.0
221	220	3/2	3/2	4/2	17	1	ii		C	V		ii	ii							m	0	0	3, 0, 4		3	3	0	2	0.0	0.0	1.0	0.0
222	221	0	0	4/2	17	1	V/ii}		C	V		V/ii	V				ii		}	M	0	0	4, 8, 5		4	4	0	2	0.0	0.0	2.0	0.0
222	221	1	1	4/2	17	1	I/ii|PAC		C	V		I/ii	I				ii	PAC		M	0	0	3, 7, 4		3	3	0	2	0.0	0.0	2.0	0.0
223	222	0	0	4/2	17	1	V{		C	V		V	V						{	M	0	0	2, 6, 3		2	2	1	10	0.09090909090909091	0.375	3.375	0.1
224	223	0	0	4/2	17	1	I		C	V		I	I							M	0	0	1, 5, 2		1	1	0	4	0.0	0.0	2.0	0.0
224	223	1	1	4/2	17	1	IV6(2)		C	V		IV6(2)	IV		6	2				M	0	0	4, 1, 2		0	4	2	2	0.5	0.25	1.0	0.2
224	223	3/2	3/2	4/2	17	1	IV6		C	V		IV6	IV		6					M	0	0	4, 1, 0		0	4	0	1	0.0	0.0	0.375	0.0
224	223	7/4	7/4	4/2	17	1	I6		C	V		I6	I		6					M	0	0	5, 2, 1		1	5	0	2	0.0	0.0	0.375	0.0
225	224	0	0	4/2	17	1	V		C	V		V	V							M	0	0	2, 6, 3		2	2	0	4	0.0	0.0	1.875	0.0
225	224	1	1	4/2	17	1	ii		C	V		ii	ii							m	0	0	3, 0, 4		3	3	1	7	0.125	0.5	3.5	0.125
226	225	1	1	4/2	17	1	V/ii		C	V		V/ii	V				ii			M	0	0	4, 8, 5		4	4	2	3	0.4	0.25	1.75	0.125
227	226	0	0	4/2	17	1	I/ii|PAC}		C	V		I/ii	I				ii	PAC	}	M	0	0	3, 7, 4		3	3	0	2	0.0	0.0	2.0	0.0
227	226	1	1	4/2	17	1	V{		C	V		V	V						{	M	0	0	2, 6, 3		2	2	2	4	0.3333333333333333	0.25	1.625	0.13333333333333333
228	227	0	0	4/2	17	1	I		C	V		I	I							M	0	0	1, 5, 2		1	1	3	6	0.3333333333333333	0.5	3.5	0.125
229	228	0	0	4/2	17	1	IV		C	V		IV	IV							M	0	0	0, 4, 1		0	0	1	3	0.25	0.25	1.375	0.15384615384615385
229	228	3/4	3/4	4/2	17	1	viio6/V		C	V		viio6/V	vii	o	6		V			o	0	0	4, 1, 7		7	4	1	1	0.5	0.125	0.25	0.3333333333333333
229	228	1	1	4/2	17	1	V		C	V		V	V							M	0	0	2, 6, 3		2	2	0	2	0.0	0.0	2.0	0.0
230	229	0	0	4/2	17	1	I|PAC}		C	V		I	I					PAC	}	M	0	0	1, 5, 2		1	1	1	21	0.045454545454545456	0.125	9.5	0.012987012987012988
232	231	1	1	4/2	17	1	V		C	V		V	V							M	0	0	2, 6, 3		2	2	1	6	0.14285714285714285	0.125	2.875	0.041666666666666664
233	232	1/2	1/2	4/2	17	1	ii		C	V		ii	ii							m	0	0	3, 0, 4		3	3	0	5	0.0	0.0	3.0	0.0
234	233	0	0	4/2	17	1	V/ii		C	V		V/ii	V				ii			M	0	0	4, 8, 5		4	4	0	2	0.0	0.0	2.0	0.0
234	233	1	1	4/2	17	1	V6/V		C	V		V6/V	V		6		V			M	0	0	7, 4, 3		3	7	0	6	0.0	0.0	2.0	0.0
235	234	0	0	4/2	17	1	V		C	V		V	V							M	0	0	2, 6, 3		2	2	0	3	0.0	0.0	1.75	0.0
235	234	1	1	4/2	17	1	IV		C	V		IV	IV							M	0	0	0, 4, 1		0	0	0	2	0.0	0.0	1.25	0.0
235	234	3/2	3/2	4/2	17	1	I		C	V		I	I							M	0	0	1, 5, 2		1	1	0	2	0.0	0.0	0.75	0.0
236	235	0	0	4/2	17	1	V(4)}		C	V		V(4)	V			4			}	M	0	0	2, 1, 3		2	2	0	2	0.0	0.0	2.0	0.0
236	235	1/2	1/2	4/2	17	1	V		C	V		V	V							M	0	0	2, 6, 3		2	2						
236	235	1	1	4/2	17	1	I|PAC		C	V		I	I					PAC		M	0	0	1, 5, 2		1	1	0	2	0.0	0.0	2.0	0.0
237	236	0	0	4/2	17	1	v.i{		C	v		i	i						{	m	0	1	1, -2, 2		1	1	5	26	0.16129032258064516	0.625	8.375	0.06944444444444445
238	237	0	0	4/2	17	1	IV/III		C	v		IV/III	IV				III			M	0	1	-3, 1, -2		-3	-3	0	5	0.0	0.0	1.25	0.0
238	237	1/4	1/4	4/2	17	1	V/III		C	v		V/III	V				III			M	0	1	-1, 3, 0		-1	-1	0	5	0.0	0.0	1.25	0.0
238	237	1/2	1/2	4/2	17	1	I/III		C	v		I/III	I				III			M	0	1	-2, 2, -1		-2	-2	0	5	0.0	0.0	2.5	0.0
238	237	1	1	4/2	17	1	V/III		C	v		V/III	V				III			M	0	1	-1, 3, 0		-1	-1	0	5	0.0	0.0	2.5	0.0
238	237	3/2	3/2	4/2	17	1	vi/III		C	v		vi/III	vi				III			m	0	1	1, -2, 2		1	1	0	5	0.0	0.0	1.25	0.0
238	237	7/4	7/4	4/2	17	1	V/III		C	v		V/III	V				III			M	0	1	-1, 3, 0		-1	-1	0	5	0.0	0.0	1.25	0.0
239	238	0	0	4/2	17	1	I/III		C	v		I/III	I				III			M	0	1	-2, 2, -1		-2	-2	0	10	0.0	0.0	5.0	0.0
239	238	1	1	4/2	17	1	V/III		C	v		V/III	V				III			M	0	1	-1, 3, 0		-1	-1	2	21	0.08695652173913043	0.25	6.0	0.04
240	239	1/4	1/4	4/2	17	1	III		C	v		III	III							M	0	1	-2, 2, -1		-2	-2	0	5	0.0	0.0	1.25	0.0
240	239	1/2	1/2	4/2	17	1	iv		C	v		iv	iv							m	0	1	0, -3, 1		0	0	1	4	0.2	0.25	1.0	0.2
240	239	3/4	3/4	4/2	17	1	V		C	v		V	V							M	0	1	2, 6, 3		2	2	0	5	0.0	0.0	1.25	0.0
240	239	1	1	4/2	17	1	i		C	v		i	i							m	0	1	1, -2, 2		1	1	0	5	0.0	0.0	5.0	0.0
241	240	0	0	4/2	17	1	V|HC}		C	v		V	V					HC	}	M	0	1	2, 6, 3		2	2	1	5	0.16666666666666666	0.25	4.75	0.05
241	240	1	1	4/2	17	1	i{		C	v		i	i						{	m	0	1	1, -2, 2		1	1	0	4	0.0	0.0	1.0	0.0
241	240	5/4	5/4	4/2	17	1	V		C	v		V	V							M	0	1	2, 6, 3		2	2	0	4	0.0	0.0	1.0	0.0
241	240	3/2	3/2	4/2	17	1	i		C	v		i	i							m	0	1	1, -2, 2		1	1	3	12	0.2	0.375	3.375	0.1
242	241	1/4	1/4	4/2	17	1	IV/III		C	v		IV/III	IV				III			M	0	1	-3, 1, -2		-3	-3	0	14	0.0	0.0	2.5	0.0
242	241	3/4	3/4	4/2	17	1	I/III		C	v		I/III	I				III			M	0	1	-2, 2, -1		-2	-2	0	5	0.0	0.0	1.25	0.0
242	241	1	1	4/2	17	1	V/III		C	v		V/III	V				III			M	0	1	-1, 3, 0		-1	-1	0	10	0.0	0.0	5.0	0.0
243	242	0	0	4/2	17	1	iv	IV	C	v		iv	iv							m	0	1	0, -3, 1		0	0	1	4	0.2	0.25	1.0	0.2
243	242	1/4	1/4	4/2	17	1	i		C	v		i	i							m	0	1	1, -2, 2		1	1	0	5	0.0	0.0	1.25	0.0
243	242	1/2	1/2	4/2	17	1	V		C	v		V	V							M	0	1	2, 6, 3		2	2	0	10	0.0	0.0	5.0	0.0
243	242	3/2	3/2	4/2	17	1	V/VII		C	v		V/VII	V				VII			M	0	1	0, 4, 1		0	0	0	10	0.0	0.0	2.5	0.0
244	243	0	0	4/2	17	1	V/III|HC}		C	v		V/III	V				III	HC	}	M	0	1	-1, 3, 0		-1	-1	2	7	0.2222222222222222	0.25	3.5	0.06666666666666667
244	243	3/4	3/4	4/2	17	1	III{		C	v		III	III						{	M	0	1	-2, 2, -1		-2	-2	0	5	0.0	0.0	1.25	0.0
244	243	1	1	4/2	17	1	VII		C	v		VII	VII							M	0	1	-1, 3, 0		-1	-1	0	5	0.0	0.0	2.5	0.0
244	243	3/2	3/2	4/2	17	1	i		C	v		i	i							m	0	1	1, -2, 2		1	1	1	4	0.2	0.5	2.0	0.2
245	244	0	0	4/2	17	1	V(4)		C	v		V(4)	V			4				M	0	1	2, 1, 3		2	2	0	5	0.0	0.0	4.5	0.0
245	244	1/2	1/2	4/2	17	1	V		C	v		V	V							M	0	1	2, 6, 3		2	2	0	1	0.0	0.0	0.5	0.0
245	244	1	1	4/2	17	1	I		C	v		I	I							M	0	1	1, 5, 2		1	1	0	5	0.0	0.0	2.5	0.0
245	244	3/2	3/2	4/2	17	1	V		C	v		V	V							M	0	1	2, 6, 3		2	2	0	5	0.0	0.0	2.25	0.0
246	245	0	0	4/2	17	1	IV		C	v		IV	IV							M	0	1	0, 4, 1		0	0	0	11	0.0	0.0	5.0	0.0
246	245	1	1	4/2	17	1	V(4)		C	v		V(4)	V			4				M	0	1	2, 1, 3		2	2	4	5	0.4444444444444444	0.5	3.5	0.125
246	245	3/2	3/2	4/2	17	1	V		C	v		V	V							M	0	1	2, 6, 3		2	2	0	2	0.0	0.0	1.0	0.0
247	246	0	0	4/2	17	1	I|PAC}		C	v		I	I					PAC	}	M	0	1	1, 5, 2		1	1	0	5	0.0	0.0	10.0	0.0
248	247	0	0	4/2	17	1	i{		C	v		i	i						{	m	0	1	1, -2, 2		1	1	9	18	0.3333333333333333	1.125	4.125	0.21428571428571427
249	248	1/4	1/4	4/2	17	1	V6		C	v		V6	V		6					M	0	1	6, 3, 2		2	6	0	3	0.0	0.0	0.75	0.0
249	248	1/2	1/2	4/2	17	1	i		C	v		i	i							m	0	1	1, -2, 2		1	1	0	3	0.0	0.0	0.75	0.0
249	248	3/4	3/4	4/2	17	1	V6/VII		C	v		V6/VII	V		6		VII			M	0	1	4, 1, 0		0	4	0	3	0.0	0.0	0.75	0.0
249	248	1	1	4/2	17	1	VII		C	v		VII	VII							M	0	1	-1, 3, 0		-1	-1	2	4	0.3333333333333333	1.0	2.0	0.3333333333333333
250	249	0	0	4/2	17	1	i		C	v		i	i							m	0	1	1, -2, 2		1	1	0	3	0.0	0.0	0.75	0.0
250	249	1/4	1/4	4/2	17	1	V/III		C	v		V/III	V				III			M	0	1	-1, 3, 0		-1	-1	0	3	0.0	0.0	0.75	0.0
250	249	1/2	1/2	4/2	17	1	III		C	v		III	III							M	0	1	-2, 2, -1		-2	-2	0	6	0.0	0.0	3.0	0.0
250	249	3/2	3/2	4/2	17	1	VII		C	v		VII	VII							M	0	1	-1, 3, 0		-1	-1	0	3	0.0	0.0	0.75	0.0
250	249	7/4	7/4	4/2	17	1	i		C	v		i	i							m	0	1	1, -2, 2		1	1	0	3	0.0	0.0	0.75	0.0
251	250	0	0	4/2	17	1	V/III		C	v		V/III	V				III			M	0	1	-1, 3, 0		-1	-1	3	6	0.3333333333333333	0.375	1.875	0.16666666666666666
251	250	3/4	3/4	4/2	17	1	IV/III		C	v		IV/III	IV				III			M	0	1	-3, 1, -2		-3	-3	0	3	0.0	0.0	0.75	0.0
251	250	1	1	4/2	17	1	i64		C	v		i64	i		64					m	0	1	2, 1, -2		1	2	0	3	0.0	0.0	0.75	0.0
251	250	5/4	5/4	4/2	17	1	VII		C	v		VII	VII							M	0	1	-1, 3, 0		-1	-1	0	3	0.0	0.0	0.75	0.0
251	250	3/2	3/2	4/2	17	1	V(4)/VII		C	v		V(4)/VII	V			4	VII			M	0	1	0, -1, 1		0	0	0	3	0.0	0.0	1.25	0.0
251	250	7/4	7/4	4/2	17	1	V/VII		C	v		V/VII	V				VII			M	0	1	0, 4, 1		0	0	0	1	0.0	0.0	0.25	0.0
252	251	0	0	4/2	17	1	I/VII|PAC}		C	v		I/VII	I				VII	PAC	}	M	0	1	-1, 3, 0		-1	-1	9	21	0.3	1.125	6.625	0.14516129032258066
253	252	3/4	3/4	4/2	17	1	IV6/VII		C	v		IV6/VII	IV		6		VII			M	0	1	2, -1, -2		-2	2	0	3	0.0	0.0	0.75	0.0
253	252	1	1	4/2	17	1	ii/VII		C	v		ii/VII	ii				VII			m	0	1	1, -2, 2		1	1	0	3	0.0	0.0	0.75	0.0
253	252	5/4	5/4	4/2	17	1	I/VII		C	v		I/VII	I				VII			M	0	1	-1, 3, 0		-1	-1	0	3	0.0	0.0	0.75	0.0
253	252	3/2	3/2	4/2	17	1	IV/VII		C	v		IV/VII	IV				VII			M	0	1	-2, 2, -1		-2	-2	0	3	0.0	0.0	1.5	0.0
254	253	0	0	4/2	17	1	I/VII|PC}		C	v		I/VII	I				VII	PC	}	M	0	1	-1, 3, 0		-1	-1	0	3	0.0	0.0	1.5	0.0
254	253	1/2	1/2	4/2	17	1	i{		C	v		i	i						{	m	0	1	1, -2, 2		1	1	0	3	0.0	0.0	0.75	0.0
254	253	3/4	3/4	4/2	17	1	VI	iv6	C	v		VI	VI							M	0	1	-3, 1, -2		-3	-3	0	3	0.0	0.0	0.75	0.0
254	253	1	1	4/2	17	1	V		C	v		V	V							M	0	1	2, 6, 3		2	2	0	12	0.0	0.0	4.5	0.0
255	254	1/2	1/2	4/2	17	1	i		C	v		i	i							m	0	1	1, -2, 2		1	1	4	7	0.36363636363636365	0.5	1.75	0.2222222222222222
255	254	5/4	5/4	4/2	17	1	IV6		C	v		IV6	IV		6					M	0	1	4, 1, 0		0	4	0	3	0.0	0.0	0.75	0.0
255	254	3/2	3/2	4/2	17	1	#viio		C	v		#viio	#vii	o						o	0	1	6, 3, 0		6	6	0	3	0.0	0.0	0.75	0.0
255	254	7/4	7/4	4/2	17	1	i		C	v		i	i							m	0	1	1, -2, 2		1	1	0	3	0.0	0.0	0.75	0.0
256	255	0	0	4/2	17	1	V(4)}		C	v		V(4)	V			4			}	M	0	1	2, 1, 3		2	2	0	3	0.0	0.0	2.5	0.0
256	255	1/2	1/2	4/2	17	1	V		C	v		V	V							M	0	1	2, 6, 3		2	2	0	1	0.0	0.0	0.5	0.0
256	255	1	1	4/2	17	1	i|PAC}		C	v		i	i					PAC	}	m	0	1	1, -2, 2		1	1	0	3	0.0	0.0	3.0	0.0
257	256	0	0	6/2	17	1	i/v{		C	v		i/v	i				v		{	m	0	1	2, -1, 3		2	2	0	4	0.0	0.0	2.0	0.0
257	256	1	1	6/2	17	1	iv/v		C	v		iv/v	iv				v			m	0	1	1, -2, 2		1	1	0	2	0.0	0.0	1.0	0.0
257	256	3/2	3/2	6/2	17	1	III/v		C	v		III/v	III				v			M	0	1	-1, 3, 0		-1	-1	1	3	0.25	0.25	1.25	0.16666666666666666
257	256	9/4	9/4	6/2	17	1	IV/v		C	v		IV/v	IV				v			M	0	1	1, 5, 2		1	1	0	2	0.0	0.0	0.5	0.0
257	256	5/2	5/2	6/2	17	1	V/v		C	v		V/v	V				v			M	0	1	3, 7, 4		3	3	1	1	0.5	0.5	0.5	0.5
258	257	0	0	6/2	17	1	VI/v}		C	v		VI/v	VI				v		}	M	0	1	-2, 2, -1		-2	-2	0	2	0.0	0.0	1.25	0.0
258	257	1/2	1/2	6/2	17	1	iv/v		C	v		iv/v	iv				v			m	0	1	1, -2, 2		1	1	1	1	0.5	0.25	0.5	0.3333333333333333
258	257	1	1	6/2	17	1	V/v		C	v		V/v	V				v			M	0	1	3, 7, 4		3	3	0	2	0.0	0.0	1.0	0.0
258	257	3/2	3/2	6/2	17	1	I/V|PAC}		C	v		I/V	I				V	PAC	}	M	0	1	2, 6, 3		2	2	0	2	0.0	0.0	3.0	0.0
259	258	0	0	6/2	17	1	I{		C	v		I	I						{	M	0	1	1, 5, 2		1	1	0	3	0.0	0.0	2.0	0.0
259	258	1	1	6/2	17	1	IV6		C	v		IV6	IV		6					M	0	1	4, 1, 0		0	4	0	2	0.0	0.0	1.0	0.0
259	258	3/2	3/2	6/2	17	1	VII		C	v		VII	VII							M	0	1	-1, 3, 0		-1	-1	1	2	0.3333333333333333	0.25	1.75	0.125
259	258	5/2	5/2	6/2	17	1	IV		C	v		IV	IV							M	0	1	0, 4, 1		0	0	1	2	0.3333333333333333	0.25	0.75	0.25
260	259	0	0	6/2	17	1	v		C	v		v	v							m	0	1	2, -1, 3		2	2	1	4	0.2	0.25	1.75	0.125
260	259	1	1	6/2	17	1	ii		C	v		ii	ii							m	0	1	3, 0, 4		3	3	0	2	0.0	0.0	1.0	0.0
260	259	3/2	3/2	6/2	17	1	III		C	v		III	III							M	0	1	-2, 2, -1		-2	-2	1	3	0.25	0.25	1.75	0.125
260	259	5/2	5/2	6/2	17	1	VII		C	v		VII	VII							M	0	1	-1, 3, 0		-1	-1	1	2	0.3333333333333333	0.25	0.75	0.25
261	260	0	0	6/2	17	1	i}		C	v		i	i						}	m	0	1	1, -2, 2		1	1	0	2	0.0	0.0	1.0	0.0
261	260	1/2	1/2	6/2	17	1	V		C	v		V	V							M	0	1	2, 6, 3		2	2	0	2	0.0	0.0	2.0	0.0
261	260	3/2	3/2	6/2	17	1	I|PAC}		C	v		I	I					PAC	}	M	0	1	1, 5, 2		1	1	0	2	0.0	0.0	3.0	0.0
